smiles_sta,IC50(nm)
Cc1nc2c(s1)C(=O)C=C(Nc1ccccc1)C2=O,6000
Cc1nc2c(s1)C(=O)C=C(Nc1ccc(F)cc1)C2=O,6300
Cc1nc2c(s1)C(=O)C=C(Nc1ccc(Cl)cc1)C2=O,7000
Cc1nc2c(s1)C(=O)C=C(Nc1ccc(Br)cc1)C2=O,6700
Cc1nc2c(s1)C(=O)C=C(Nc1ccc(I)cc1)C2=O,3000
Cc1nc2c(s1)C(=O)C=C(Nc1ccc(O)cc1)C2=O,6700
Cc1ccc(NC2=CC(=O)c3sc(C)nc3C2=O)cc1,6000
COc1ccc(NC2=CC(=O)c3sc(C)nc3C2=O)cc1,5600
CCOc1ccc(NC2=CC(=O)c3sc(C)nc3C2=O)cc1,20000
CN(C)CC(O)COc1ccc(Nc2cc(Nc3ccc(F)cc3F)ncn2)cc1,15000
CN(C)CC(O)COc1ccc(Nc2cc(Nc3ccccc3)ncn2)cc1,33000
Cc1ccccc1Nc1cc(Nc2ccc(OCC(O)CN(C)C)cc2)ncn1,8000
CC(C)c1ccccc1Nc1cc(Nc2ccc(OCC(O)CN(C)C)cc2)ncn1,18000
CN(C)CC(O)COc1ccc(Nc2cc(Nc3ccccc3F)ncn2)cc1,27000
CN(C)CC(O)COc1ccc(Nc2cc(Nc3ccccc3Cl)ncn2)cc1,8000
CN(C)CC(O)COc1ccc(Nc2cc(Nc3ccccc3Br)ncn2)cc1,4000
COc1ccccc1Nc1cc(Nc2ccc(OCC(O)CN(C)C)cc2)ncn1,23000
CN(C)CC(O)COc1ccc(Nc2cc(Nc3ccccc3[N+](=O)[O-])ncn2)cc1,2000
CN(C)CC(O)COc1ccc(Nc2cc(Nc3cc(Cl)ccc3Cl)ncn2)cc1,1000
CN(C)CC(O)COc1ccc(Nc2cc(Nc3c(F)cccc3F)ncn2)cc1,9000
CN(C)CC(O)COc1ccc(Nc2cc(Nc3cc(C(F)(F)F)ccc3F)ncn2)cc1,6000
CN(C)CC(O)COc1ccc(Nc2cc(N(CC#N)c3cc(Cl)ccc3Cl)ncn2)cc1,50
CN(C)CC(O)COc1ccc(Nc2cc(N(CCC#N)c3cc(Cl)ccc3Cl)ncn2)cc1,500
C#CCN(c1cc(Nc2ccc(OCC(O)CN(C)C)cc2)ncn1)c1cc(Cl)ccc1Cl,800
CN(C)CC(O)COc1ccc(Nc2cc(N(Cc3ccccc3)c3cc(Cl)ccc3Cl)ncn2)cc1,5000
Cc1ccc(N(CC#N)c2cc(Nc3ccc(OCC(O)CN(C)C)cc3)ncn2)c(Br)c1,100
Nc1nc2ccc(C(=O)c3c(F)cccc3F)cn2c1C(=O)c1c(F)cccc1F,1081
Nc1nc2ccc(C(=O)c3c(F)cccc3Cl)cn2c1C(=O)c1c(F)cccc1F,810
C=C(c1ccc2nc(N)c(C(=O)c3c(F)cccc3F)n2c1)c1c(F)cccc1F,1033
N#C/C=C(/c1ccc2nc(N)c(C(=O)c3c(F)cccc3F)n2c1)c1c(F)cccc1F,1553
Nc1nc2ccc(/C(=C/c3nn[nH]n3)c3c(F)cccc3F)cn2c1C(=O)c1c(F)cccc1F,1703
Nc1nc2ccc(C(=O)c3c(F)cccc3F)cn2c1C(=O)c1ccccc1,5053
COc1ccccc1C(=O)c1c(N)nc2ccc(C(=O)c3c(F)cccc3F)cn12,1973
Nc1nc2ccc(C(=O)c3c(F)cccc3F)cn2c1C(=O)c1c(Cl)cccc1Cl,359
Nc1nc2ccc(C(=O)c3c(F)cccc3F)cn2c1C(=O)c1c(F)cccc1Cl,827
COc1cc(F)c(C(=O)c2c(N)nc3ccc(C(=O)c4c(F)cccc4F)cn23)c(F)c1,838
Nc1nc2ccc(C(=O)c3c(F)cccc3F)cn2c1C(=S)c1ccccc1,1894
Nc1nc2ccc(C(=O)c3c(F)cccc3F)cn2c1C(=S)c1c(F)cccc1F,786
COc1cc(F)c(C(=S)c2c(N)nc3ccc(C(=O)c4c(F)cccc4F)cn23)c(F)c1,464
Nc1nc2ccc(C(=O)c3c(Cl)cccc3Cl)cn2c1C(=O)c1c(F)cc(C(=O)O)cc1F,2589
NC(=O)c1cc(F)c(C(=O)c2c(N)nc3ccc(C(=O)c4c(Cl)cccc4Cl)cn23)c(F)c1,1144
COCCNS(=O)(=O)c1ccc(Nc2nccc(-c3cnc(C)n3C)n2)cc1,5600
CCn1c(-c2ccnc(Nc3ccc(S(=O)(=O)NCCOC)cc3)n2)cnc1C,1300
COCCNS(=O)(=O)c1ccc(Nc2nccc(-c3cnc(C)n3C(C)C)n2)cc1,200
Cc1ncc(-c2ccnc(Nc3ccc(S(C)(=O)=O)cc3)n2)n1C(C)C,450
Cc1ncc(-c2ccnc(Nc3ccc(S(=O)(=O)Cc4ccccc4)cc3)n2)n1C(C)C,1500
COCCS(=O)(=O)c1ccc(Nc2nccc(-c3cnc(C)n3C(C)C)n2)cc1,490
Cc1ncc(-c2ccnc(Nc3ccc(S(=O)(=O)CC4CCCO4)cc3)n2)n1C(C)C,530
Cc1ncc(-c2ccnc(Nc3ccc(S(=O)(=O)CCCN(C)C)cc3)n2)n1C(C)C,140
Cc1ncc(-c2ccnc(Nc3ccc(S(=O)(=O)CCCN4CCOCC4)cc3)n2)n1C(C)C,210
c1cnn2ncc(-c3ccnc(NC4CC4)n3)c2c1,80
Cc1nn2ncccc2c1-c1ccnc(NC2CC2)n1,800
CCc1nn2ncccc2c1-c1ccnc(NC2CC2)n1,2000
CN1CCN(c2ccc(Nc3nccc(-c4cnn5ncccc45)n3)cc2)CC1,12
Cc1nn2ncccc2c1-c1ccnc(Nc2ccc(N3CCN(C)CC3)cc2)n1,50
CCc1nn2ncccc2c1-c1ccnc(Nc2ccc(N3CCN(C)CC3)cc2)n1,25
COc1ccc2c(-c3ccnc(NC4CC4)n3)cnn2n1,2000
c1cc(-c2cnn3nc(NC4CCCC4)ccc23)nc(NC2CC2)n1,160
C=Cc1ccc2c(-c3ccnc(NC4CC4)n3)cnn2n1,200
c1csc(-c2ccc3c(-c4ccnc(NC5CC5)n4)cnn3n2)c1,250
Fc1ccc(-c2ccc3c(-c4ccnc(NC5CC5)n4)cnn3n2)cc1,250
c1cc(-c2cnn3nc(N4CCOCC4)ccc23)nc(NC2CC2)n1,400
c1cc(-c2cnn3nc(N4CCCC4)ccc23)nc(NC2CC2)n1,500
Oc1ccc2c(-c3ccnc(NC4CC4)n3)cnn2n1,1300
CC(C)Oc1ccc2c(-c3ccnc(NC4CC4)n3)cnn2n1,1600
FC(F)(F)CNc1nccc(-c2cnn3ncccc23)n1,1000
Clc1ccc(CNc2nccc(-c3cnn4ncccc34)n2)cc1,1000
c1cnn2ncc(-c3ccnc(NCCCN4CCOCC4)n3)c2c1,3200
CN1CCN(c2ccc(Nc3nccc(-c4cnn5ncccc45)n3)cc2C(F)(F)F)CC1,6
CCN(CC)Cc1cccc(Nc2nccc(-c3cnn4ncccc34)n2)c1,12
N#Cc1cccc(Nc2nccc(-c3cnn4ncccc34)n2)c1,4
c1cc(Nc2nccc(-c3cnn4ncccc34)n2)cc(-c2cocn2)c1,16
NC(=O)c1ccc(Nc2nccc(-c3cnn4ncccc34)n2)cc1,160
O=C(O)c1ccc(Nc2nccc(-c3cnn4ncccc34)n2)cc1,790
CC(C)c1ccc(Nc2nccc(-c3cnn4ncccc34)n2)cc1,2000
CCN(CC)CCNC(=O)c1cccc(Nc2nccc(-c3cnn4ncccc34)n2)c1,8
CN1CCN(c2ccc(Nc3nccc(-c4cnn5nc(-c6ccc(F)cc6)ccc45)n3)cc2)CC1,26
CC(C)Oc1ccc2c(-c3ccnc(Nc4ccc(N5CCN(C)CC5)cc4)n3)cnn2n1,45
CN(C)CC(O)COc1ccc(Nc2nccc(-c3cnn4nc(N5CCOCC5)ccc34)n2)cc1,38
Cc1nc2ccccn2c1-c1ccnc(N)n1,8000
CC(=O)Nc1nccc(-c2c(C)nc3ccccn23)n1,8900
Cc1nc2ccccn2c1-c1ccnc(Nc2ccccc2)n1,3600
Cc1nc2ccccn2c1-c1ccnc(Nc2ccc(OCC(O)CN(C)C)cc2)n1,150
Cc1nc2ccccn2c1-c1ccnc(Nc2ccc(S(N)(=O)=O)cc2)n1,2500
Cc1ccc(F)c(Nc2ccnc(Nc3ccc(S(N)(=O)=O)cc3)n2)c1,2700
CN1CCC(c2c(O)cc(O)c3c2O/C(=C\c2ccccc2)C3=O)CC1,4410
CN1CCC(c2c(O)cc(O)c3c2O/C(=C\c2ccccc2Cl)C3=O)CC1,25250
CN1CCC(c2c(O)cc(O)c3c2O/C(=C\c2ccc([N+](=O)[O-])cc2)C3=O)CC1,2210
CN1CCC(c2c(O)cc(O)c3c2O/C(=C\c2ccc(S(N)(=O)=O)cc2)C3=O)CC1,1870
CN1CCC(c2c(O)cc(O)c3c2O/C(=C\c2ccc(N4CCN(C)CC4)cc2)C3=O)CC1,1920
O[C@H]1CC[C@H](n2c3cnccc3c3cnc(Nc4ccc(N5CCNCC5)cn4)nc32)CC1,3
C[C@H]1CC[C@H](n2c3cnccc3c3cnc(Nc4ccc(N5CCNCC5)cn4)nc32)CC1,7
CC1(C)CCCC(n2c3cnccc3c3cnc(Nc4ccc(N5CCNCC5)cn4)nc32)C1,3
C[C@H]1CC[C@H](n2c3cnccc3c3cnc(Nc4ccc(N5CCNCC5)nc4)nc32)CC1,3
C[C@H]1CC[C@H](n2c3cnccc3c3cnc(Nc4ccc(N5CCNCC5)nn4)nc32)CC1,2
C[C@H]1CC[C@H](n2c3cnccc3c3cnc(Nc4ccc(N5CCC(N)CC5)cn4)nc32)CC1,2
CN(C)C1CCN(c2ccc(Nc3ncc4c5ccncc5n([C@H]5CC[C@H](C)CC5)c4n3)nc2)CC1,2
CN(C)C1CCN(c2ccc(Nc3ncc4c5ccncc5n([C@H]5CC[C@H](C)CC5)c4n3)nn2)CC1,2
CN(C)C1CCN(c2ccc(Nc3ncc4c5ccncc5n([C@H]5CC[C@H](C)CC5)c4n3)nc2F)CC1,1
COc1nc(Nc2ncc3c4ccncc4n([C@H]4CC[C@H](C)CC4)c3n2)ccc1N1CCC(N(C)C)CC1,3
C[C@@H](O)CN(C)C1CCN(c2ccc(Nc3ncc4c5ccncc5n([C@H]5CC[C@H](C)CC5)c4n3)nn2)CC1,3
C[C@H]1CC[C@H](n2c3cnccc3c3cnc(Nc4ccc(N5CCN(C(=O)CO)CC5)nn4)nc32)CC1,3
CS(=O)(=O)CC1CCN(c2ccc(Nc3ncc4c5ccncc5n([C@H]5CC[C@H](C)CC5)c4n3)nn2)CC1,9
C[C@H]1CC[C@H](n2c3cnccc3c3cnc(Nc4ccc(N5CCC6(CC5)CCS(=O)(=O)C6)nn4)nc32)CC1,4
C[C@H]1CC[C@H](n2c3cnccc3c3cnc(Nc4ccc(N5CCC6(CCC(=O)N6)CC5)cn4)nc32)CC1,3
COc1nc(Nc2ncc3c4ccncc4n([C@H]4CC[C@H](C)CC4)c3n2)ccc1N1CCC2(CCC(=O)N2)CC1,13
CC(C)OC(=O)N1CCn2cc(C3=C(c4cnc5ccccn45)C(=O)NC3=O)c3cccc(c32)C1,3300
O=C1NC(=O)C(c2cnc3ccccn23)=C1c1cn2c3c(cccc13)CN(C(=O)N1CCCCC1)CC2,4800
Cc1cc2c3c(c1)c(C1=C(c4cnc5ccccn45)C(=O)NC1=O)cn3CCN(C(=O)N1CCCCC1)C2,18000
O=C1NC(=O)C(c2cnc3ccccn23)=C1c1cn2c3c(cccc13)CN(C(=O)N1CCOCC1)CC2,1700
CN(C)C(=O)N1CCn2cc(C3=C(c4cnc5ccccn45)C(=O)NC3=O)c3cccc(c32)C1,1500
O=C1NC(=O)C(c2cnc3ccccn23)=C1c1cn2c3c(cc(F)cc13)CN(C(=O)N1CCCCC1)CC2,1800
COc1ccc(NC(=S)NC(=O)c2cn(-c3ccccc3)nc2-c2ccccc2)cc1,42
COc1ccc(NC(=S)NC(=O)c2cn(-c3ccccc3)nc2-c2ccc(C)cc2)cc1,40
COc1ccc(NC(=S)NC(=O)c2cn(-c3ccccc3)nc2-c2ccc(Cl)cc2)cc1,40
COc1ccc(NC(=S)NC(=O)c2cn(-c3ccccc3)nc2-c2ccc(F)cc2)cc1,39
COc1ccc(NC(=S)NC(=O)c2cn(-c3ccccc3)nc2-c2ccc(OC)cc2)cc1,35
COCCCNS(=O)(=O)c1ccc(Nc2nccc(-c3cnc4ccccn34)n2)cc1,3100
CN(C)CCNS(=O)(=O)c1ccc(Nc2nccc(-c3cnc4ccccn34)n2)cc1,260
Cc1ccc(Cl)c(N(CC#N)c2cc(Nc3ccc(OC[C@@H](O)CN(C)C)cc3)ncn2)c1,47
CC(=O)OCOC(=O)N1CCN(c2ccc(Nc3ncc4c(C)c(C(C)=O)c(=O)n(C5CCCC5)c4n3)nc2)CC1,32
CC(=O)c1c(C)c2cnc(Nc3ccc(N4CCN(C(=O)CNCCN)CC4)cn3)nc2n(C2CCCC2)c1=O,19
COCCCNCC(=O)N1CCN(c2ccc(Nc3ncc4c(C)c(C(C)=O)c(=O)n(C5CCCC5)c4n3)nc2)CC1,13
CCN1CCN(c2ccc(Nc3ncc4c(C)c(C(C)=O)c(=O)n(C5CCCC5)c4n3)nc2)CC1,25
CN1CCN(c2ccc(Nc3ncc4cc(C#N)c(=O)n(C5CCCC5)c4n3)cc2)CC1,3.87
CCn1c(=O)ccc2cnc(Nc3ccccc3)nc21,620
CCNc1ncc2ccc(=O)n(CC)c2n1,11967
CCn1c(=O)ccc2cnc(NC(C)C)nc21,4325
CCn1c(=O)ccc2cnc(NC(C)(C)C)nc21,5250
CCn1c(=O)ccc2cnc(NC3CCCCC3)nc21,3300
CCn1c(=O)ccc2cnc(Nc3ccc(F)cc3)nc21,1238
CCn1c(=O)ccc2cnc(Nc3cccc(F)c3)nc21,1400
CCn1c(=O)ccc2cnc(Nc3ccncc3)nc21,1168
CCn1c(=O)ccc2cnc(Nc3cccc(OC(F)(F)C(F)F)c3)nc21,7833
CCn1c(=O)ccc2cnc(Nc3ccc(OC)cc3)nc21,600
CCn1c(=O)ccc2cnc(Nc3ccc(O)cc3)nc21,585
CCn1c(=O)ccc2cnc(Nc3ccc(OC)c(OC)c3)nc21,4083
CCn1c(=O)ccc2cnc(Nc3ccc(O)c(OC)c3)nc21,1825
CCn1c(=O)ccc2cnc(Nc3ccc(OCCOC)cc3)nc21,2333
CCN(CC)CCOc1ccc(Nc2ncc3ccc(=O)n(CC)c3n2)cc1,160
CCn1c(=O)ccc2cnc(Nc3ccc(OCCN(C)C)cc3)nc21,330
CCN(CC)c1ccc(Nc2ncc3ccc(=O)n(CC)c3n2)cc1,1400
CCn1c(=O)ccc2cnc(Nc3ccc(N4CCOCC4)cc3)nc21,300
CCn1c(=O)ccc2cnc(Nc3ccc(N4CCCCC4)cc3)nc21,300
CCn1c(=O)ccc2cnc(Nc3ccc(N4CCC(CCCO)CC4)cc3)nc21,900
CCn1c(=O)ccc2cnc(Nc3ccc(N4CCN(C)CC4)cc3)nc21,85
Cn1c(=O)ccc2cnc(Nc3ccccc3)nc21,5480
CCCn1c(=O)ccc2cnc(Nc3ccccc3)nc21,553
CCC(C)n1c(=O)ccc2cnc(Nc3ccccc3)nc21,190
CCCCn1c(=O)ccc2cnc(Nc3ccccc3)nc21,1495
CC(C)Cn1c(=O)ccc2cnc(Nc3ccccc3)nc21,297
O=c1ccc2cnc(Nc3ccccc3)nc2n1C1CCCCCC1,182
O=c1ccc2cnc(Nc3ccccc3)nc2n1C1CC2CCC1C2,38
O=c1ccc2cnc(Nc3ccccc3)nc2n1-c1ccccc1,1667
O=c1ccc2cnc(Nc3ccccc3)nc2n1Cc1ccccc1,940
COCn1c(=O)ccc2cnc(Nc3ccccc3)nc21,4150
COCCn1c(=O)ccc2cnc(Nc3ccccc3)nc21,2860
CCOCCn1c(=O)ccc2cnc(Nc3ccccc3)nc21,7800
O=c1ccc2cnc(Nc3ccccc3)nc2n1CC1CO1,5000
COC(=O)Cn1c(=O)ccc2cnc(Nc3ccccc3)nc21,31000
CCN(CC)CCOc1ccc(Nc2ncc3ccc(=O)n(C(C)C)c3n2)cc1,45
CCN(CC)CCOc1ccc(Nc2ncc3ccc(=O)n(C4CCCCC4)c3n2)cc1,11
CCN(CC)CCOc1ccc(Nc2ncc3ccc(=O)n(C4CCCCCC4)c3n2)cc1,4
CCN(CC)CCOc1ccc(Nc2ncc3ccc(=O)n(C4CC5CCC4C5)c3n2)cc1,450
CN1CCN(c2ccc(Nc3ncc4ccc(=O)n(CC(O)CO)c4n3)cc2)CC1,1650
CN1CCN(c2ccc(Nc3ncc4ccc(=O)n(-c5ccccc5)c4n3)cc2)CC1,175
CN1CCN(c2ccc(Nc3ncc4ccc(=O)n(C5CC5)c4n3)cc2)CC1,140
CC(C)n1c(=O)ccc2cnc(Nc3ccc(N4CCN(C)CC4)cc3)nc21,32
CC(C)CCn1c(=O)ccc2cnc(Nc3ccc(N4CCN(C)CC4)cc3)nc21,13
CN1CCN(c2ccc(Nc3ncc4ccc(=O)n(C5CCCC5)c4n3)cc2)CC1,9
CN1CCN(c2ccc(Nc3ncc4ccc(=O)n(C5CC6CCC5C6)c4n3)cc2)CC1,6
CN1CCN(c2ccc(Nc3ncc4ccc(=O)n(C5CCCCC5)c4n3)cc2)CC1,4
O=c1ccc2cnc(Nc3ccc(N4CCC(CCCO)CC4)cc3)nc2n1C1CCCC1,34
O=c1ccc2cnc(Nc3ccc(N4CCC(CCCO)CC4)cc3)nc2n1C1CC2CCC1C2,8
Cc1cc(=O)n(C2CCCC2)c2nc(Nc3ccc(N4CCN(C)CC4)cc3)ncc12,18
Cc1cc(=O)n(C2CCCC2)c2nc(Nc3ccc(N4CCOCC4)cc3)ncc12,116
Cc1cc(=O)n(C2CCCC2)c2nc(Nc3ccc(N4CCCCC4)cc3)ncc12,180
Cc1cc(=O)n(C2CCCC2)c2nc(Nc3ccc(N4CCC(CCCO)CC4)cc3)ncc12,114
Cc1cc(=O)n(C2CCCC2)c2nc(Nc3ccc(N4CCNCC4)cc3)ncc12,14
Cc1cc(=O)n(C2CCCC2)c2nc(Nc3ccc(N4CCN(C=O)CC4)cc3)ncc12,161
CC(=O)N1CCN(c2ccc(Nc3ncc4c(C)cc(=O)n(C5CCCC5)c4n3)cc2)CC1,103
Cc1cc(=O)n(C2CCCC2)c2nc(Nc3ccc(N4CCN(C(=O)OC(C)(C)C)CC4)cc3)ncc12,425
Cc1cc(=O)n(C2CCCC2)c2nc(Nc3ccc(N4CCC(O)C4)cc3)ncc12,260
Cc1cc(=O)n(C2CCCC2)c2nc(Nc3ccc(N4CCC(N)C4)cc3)ncc12,64
Cc1cc(=O)n(C2CCCC2)c2nc(Nc3ccc(N4CCCNCC4)cc3)ncc12,52
Cc1cc(=O)n(C2CCCC2)c2nc(Nc3ccc(N4CCN(CCO)CC4)cc3)ncc12,35
Cc1cc(=O)n(C2CCCC2)c2nc(Nc3ccc(N4C[C@H](C)N[C@H](C)C4)cc3)ncc12,240
Cc1cc(=O)n(C2CCCC2)c2nc(Nc3ccc(N4CCNC(C)(C)C4)cc3)ncc12,65
Cc1cc(=O)n(C2CCCC2)c2nc(Nc3ccc(N4CCNCC4)c(Cl)c3)ncc12,28
CCc1c(C)c2cnc(Nc3ccc(N4CCNCC4)cc3)nc2n(C2CCCC2)c1=O,25
Cc1c(F)c(=O)n(C2CCCC2)c2nc(Nc3ccc(N4CCNCC4)cc3)ncc12,30
Cc1c(Cl)c(=O)n(C2CCCC2)c2nc(Nc3ccc(N4CCNCC4)cc3)ncc12,16
Cc1c(I)c(=O)n(C2CCCC2)c2nc(Nc3ccc(N4CCNCC4)cc3)ncc12,5
Cc1c(C(=O)O)c(=O)n(C2CCCC2)c2nc(Nc3ccc(N4CCNCC4)cc3)ncc12,32
COC(=O)c1c(C)c2cnc(Nc3ccc(N4CCNCC4)cc3)nc2n(C2CCCC2)c1=O,4
CCCCOc1c(C(=O)c2ccccc2F)c[nH]c2nncc1-2,24000
CCCCOc1c(C(=O)c2c(F)cc(F)cc2F)c[nH]c2nncc1-2,690
CCCCOc1c(C(=O)c2c(F)cc(C)cc2F)c[nH]c2nncc1-2,230
CCCCOc1c(C(=O)c2c(F)cc(Cl)cc2F)c[nH]c2nncc1-2,310
CCCCOc1c(C(=O)c2c(F)cc(Br)cc2F)c[nH]c2nncc1-2,370
CCCCOc1c(C(=O)c2c(F)cc(OC)cc2F)c[nH]c2nncc1-2,230
CC(C)(C)c1cnc(CSc2cnc(NC(=O)Cc3cccnc3)s2)o1,1090
CC(C)(C)c1cnc(CSc2cnc(Nc3ccccc3)s2)o1,78
CC(C)(C)c1cnc(CSc2cnc(Nc3cccnc3)s2)o1,130
CC(C)(C)c1cnc(CSc2cnc(Nc3ccncc3)s2)o1,30
CC(C)(CO)CNCc1ccc(Nc2ncc(SCc3ncc(C(C)(C)C)o3)s2)nc1,26
CC(C)(C)c1cnc(CSc2cnc(Nc3ccc(S(=O)(=O)NCCO)cc3)s2)o1,233
O=c1ccc2cnc(Nc3ccccn3)nc2n1C1CCCC1,145
O=c1ccc2cnc(Nc3ccccc3)nc2n1C1CCCC1,210
O=c1c(Br)cc2cnc(Nc3ccc(N4CCNCC4)cn3)nc2n1C1CCCC1,16
O=c1c(F)cc2cnc(Nc3ccc(N4CCNCC4)cn3)nc2n1C1CCCC1,51
Nc1cc2cnc(Nc3ccc(N4CCNCC4)cn3)nc2n(C2CCCC2)c1=O,19
Cc1cc2cnc(Nc3ccc(N4CCNCC4)cn3)nc2n(C2CCCC2)c1=O,27
CCc1cc2cnc(Nc3ccc(N4CCNCC4)cn3)nc2n(C2CCCC2)c1=O,22
O=c1c(CO)cc2cnc(Nc3ccc(N4CCNCC4)cn3)nc2n1C1CCCC1,13
COCc1cc2cnc(Nc3ccc(N4CCNCC4)cn3)nc2n(C2CCCC2)c1=O,13
CCOCc1cc2cnc(Nc3ccc(N4CCNCC4)cn3)nc2n(C2CCCC2)c1=O,18
COCCOCc1cc2cnc(Nc3ccc(N4CCNCC4)cn3)nc2n(C2CCCC2)c1=O,31
CCOCCOc1cc2cnc(Nc3ccc(N4CCNCC4)cn3)nc2n(C2CCCC2)c1=O,37
CC(=O)c1cc2cnc(Nc3ccc(N4CCNCC4)cn3)nc2n(C2CCCC2)c1=O,123
Cc1c(Br)c(=O)n(C2CCCC2)c2nc(Nc3ccc(N4CCNCC4)cc3)ncc12,5
CCOC(=O)c1c(C)c2cnc(Nc3ccc(N4CCNCC4)cc3)nc2n(C2CCCC2)c1=O,6
CC(=O)c1c(C)c2cnc(Nc3ccccn3)nc2n(C2CCCC2)c1=O,440
CC(=O)c1c(C)c2cnc(Nc3ccc(N4CCNCC4)cn3)nc2n(C2CCCC2)c1=O,11
CCOC(=O)c1c(C)c2cnc(Nc3ccc(N4CCNCC4)cn3)nc2n(C2CCCC2)c1=O,49
COCCN(CCOC)c1ccc(Nc2ncc3c(C)c(Br)c(=O)n(C4CCCC4)c3n2)nc1,1100
Cc1c(Br)c(=O)n(C2CCCC2)c2nc(Nc3ccc(N4CC(C)NC(C)C4)cn3)ncc12,63
Cc1c(Br)c(=O)n(C2CCCC2)c2nc(Nc3ccc(N4CCN(C)CC4)cn3)ncc12,136
Cc1c(Br)c(=O)n(C2CCCC2)c2nc(Nc3ccc(N4CCC(O)CC4)cn3)ncc12,74
COCCN(CCOC)c1ccc(Nc2ncc3c(C)c(C(C)=O)c(=O)n(C4CCCC4)c3n2)nc1,51
CC(=O)c1c(C)c2cnc(Nc3ccc(N4CCNC(C)(C)C4)cn3)nc2n(C2CCCC2)c1=O,21
CC(=O)c1c(C)c2cnc(Nc3ccc(N4CC(C)NC(C)C4)cn3)nc2n(C2CCCC2)c1=O,37
CC(=O)c1c(C)c2cnc(Nc3ccc(N4CCN(C)CC4)cn3)nc2n(C2CCCC2)c1=O,5
CC(=O)c1c(C)c2cnc(Nc3ccc(N4CCC(N)C4)cn3)nc2n(C2CCCC2)c1=O,14
CC(=O)c1c(C)c2cnc(Nc3ccc(N4CCCNCC4)cn3)nc2n(C2CCCC2)c1=O,12
CC(=O)c1c(C)c2cnc(Nc3ccc(N4CCCCC4)cn3)nc2n(C2CCCC2)c1=O,5
CC(=O)c1c(C)c2cnc(Nc3ccc(N4CCC(O)CC4)cn3)nc2n(C2CCCC2)c1=O,19
CC(=O)c1c(C)c2cnc(Nc3ccc(N4CCOCC4)cn3)nc2n(C2CCCC2)c1=O,4
CC(=O)c1c(C)c2cnc(Nc3ccc(N4C(C)COCC4C)cn3)nc2n(C2CCCC2)c1=O,30
CN1CC[C@H](c2c(O)cc(O)c3c(=O)cc(-c4ccccc4Cl)oc23)[C@H](O)C1,100
COc1ccc(-c2[nH]nc3c2C(=O)c2c(NC(=O)NNC(=O)C(C)C)cccc2-3)cc1,6.5
COc1ccc(-c2[nH]nc3c2C(=O)c2c(NC(=O)NNC(=O)CCc4ccc(O)cc4)cccc2-3)cc1,9
COc1ccc(C(=O)NNC(=O)Nc2cccc3c2C(=O)c2c(-c4ccc(OC)cc4)n[nH]c2-3)cc1,10
COc1ccc(-c2[nH]nc3c2C(=O)c2c(NC(=O)NNC(=O)c4cccc([N+](=O)[O-])c4)cccc2-3)cc1,10
COc1ccc(-c2[nH]nc3c2C(=O)c2c(NC(=O)NNC(=O)c4cc(OC)c(OC)c(OC)c4)cccc2-3)cc1,7
COc1ccc(-c2[nH]nc3c2C(=O)c2c(NC(=O)NNC(=O)c4cccc(C)c4)cccc2-3)cc1,7
COc1ccc(-c2[nH]nc3c2C(=O)c2c(NC(=O)NNC(=O)c4ccc(O)c(N)c4)cccc2-3)cc1,7
COc1ccc(-c2[nH]nc3c2C(=O)c2c(NC(=O)NNC(=O)c4cc(Cl)ccc4Cl)cccc2-3)cc1,20
COc1ccc(-c2[nH]nc3c2C(=O)c2c(NC(=O)NNC(=O)c4ccc(O)c(O)c4)cccc2-3)cc1,5
COC(=O)NNC(=O)Nc1cccc2c1C(=O)c1c(-c3ccc(OC)cc3)n[nH]c1-2,8
COc1ccc(-c2[nH]nc3c2C(=O)c2c(NC(=O)NNC(=O)c4ccccc4O)cccc2-3)cc1,60
COc1ccc(-c2[nH]nc3c2C(=O)c2c(NC(=O)NNC(=O)c4ccc5ccccc5c4)cccc2-3)cc1,10
COc1ccc(-c2[nH]nc3c2C(=O)c2c(NC(=O)NNC(=O)Cc4ccccc4)cccc2-3)cc1,20
COc1ccc(-c2[nH]nc3c2C(=O)c2c(NC(=O)NNC(=O)c4cc(OC)cc(OC)c4)cccc2-3)cc1,20
COc1ccc(-c2[nH]nc3c2C(=O)c2c(NC(=O)NNC(=O)c4ccccc4)cccc2-3)cc1,7
COc1ccc(-c2[nH]nc3c2C(=O)c2c(NC(=O)NNC(=O)c4ccncc4)cccc2-3)cc1,9
COc1ccc(-c2[nH]nc3c2C(=O)c2c(NC(=O)NNC(=O)c4cccnc4)cccc2-3)cc1,9
COc1ccc(-c2[nH]nc3c2C(=O)c2c(NC(=O)NNC(=O)c4ccc(O)cc4O)cccc2-3)cc1,10
COc1ccc(-c2[nH]nc3c2C(=O)c2c(NC(=O)NNC(C)=O)cccc2-3)cc1,50
COc1ccc(-c2[nH]nc3c2C(=O)c2c(NC(=O)NNC(=O)c4ccc(O)cc4)cccc2-3)cc1,5
COc1ccc(-c2[nH]nc3c2C(=O)c2c(NC(=O)NNC(=O)C(N)=O)cccc2-3)cc1,240
COc1ccc(-c2[nH]nc3c2C(=O)c2c(NC(=O)NNC(=O)c4cccc(N)c4)cccc2-3)cc1,7
COc1ccc(-c2[nH]nc3c2C(=O)c2c(NC(=O)NNC(=O)c4ccc(N)cc4)cccc2-3)cc1,10
CNC(=N)SCCCN1C(=O)C2=C(C1=O)n1ccc3cccc(c31)C1Cc3ccccc3N21,5700
C=CCNC(=N)SCCCN1C(=O)C2=C(C1=O)n1ccc3cccc(c31)C1Cc3ccccc3N21,6900
N=C(Nc1ccccc1)SCCCN1C(=O)C2=C(C1=O)n1ccc3cccc(c31)C1Cc3ccccc3N21,7900
N=C(N)SCCCn1c(=O)c2c(c1=O)n1c3ccccc3cc1c1cccc3ccn2c31,2700
CNC(=N)SCCCn1c(=O)c2c(c1=O)n1c3ccccc3cc1c1cccc3ccn2c31,6200
O=C1NC(=O)c2c1c1c3ccccc3[nH]c1c1[nH]c3ccccc3c21,140
O=C1NC(O)c2c1c1c3ccccc3[nH]c1c1[nH]c3ccccc3c21,3830
O=C1NC(=O)c2c1c1ccc3ccccc3c1c1[nH]c3ccccc3c21,430
O=C1NC(=O)c2c1c1ccccc1c1[nH]c3ccccc3c21,260
O=C1NC(=O)c2c1c1c3c(ccc1c1[nH]c4ccccc4c21)CCCC3,410
O=C1NC(=O)c2c1c1[nH]cnc1c1[nH]c3ccccc3c21,740
O=C1NC(=O)c2c1c1c3ccccc3[nH]c1c1sc3ccccc3c21,220
O=C1NC(=O)c2c1c1c3ccc[nH]c-3nc1c1[nH]c3ccccc3c21,250
O=C1NC(=O)c2c1c1ncccc1c1[nH]c3ccccc3c21,180
O=C1NC(=O)c2c1c1ccncc1c1[nH]c3ccccc3c21,1810
O=C1NC(=O)c2c1c1sccc1c1[nH]c3ccccc3c21,150
O=C1NC(=O)c2c1c1c(ccc3cc[nH]c31)c1[nH]c3ccccc3c21,36
Cn1ccc2ccc3c4[nH]c5ccccc5c4c4c(c3c21)C(=O)NC4=O,47
CCn1ccc2ccc3c4[nH]c5ccccc5c4c4c(c3c21)C(=O)NC4=O,59
Cn1ccc2ccc3c4[nH]c5cccc(F)c5c4c4c(c3c21)C(=O)NC4=O,71
Cn1ccc2ccc3c4[nH]c5cccc(Br)c5c4c4c(c3c21)C(=O)NC4=O,171
Cn1ccc2ccc3c4[nH]c5cccc(CO)c5c4c4c(c3c21)C(=O)NC4=O,155
Cn1ccc2ccc3c4[nH]c5ccc(F)cc5c4c4c(c3c21)C(=O)NC4=O,84
Cn1ccc2ccc3c4[nH]c5cc(F)ccc5c4c4c(c3c21)C(=O)NC4=O,38
Cn1ccc2ccc3c4[nH]c5cc(Br)ccc5c4c4c(c3c21)C(=O)NC4=O,38
Cn1ccc2ccc3c4[nH]c5cc(C(F)(F)F)ccc5c4c4c(c3c21)C(=O)NC4=O,76
Cn1ccc2ccc3c4[nH]c5cc(C#N)ccc5c4c4c(c3c21)C(=O)NC4=O,29
Cc1ccc2c(c1)[nH]c1c3ccc4ccn(C)c4c3c3c(c21)C(=O)NC3=O,48
CCc1ccc2c(c1)[nH]c1c3ccc4ccn(C)c4c3c3c(c21)C(=O)NC3=O,101
O=C1NC(=O)c2c1c1c(ccc3cc[nH]c31)c1[nH]c3cc(O)ccc3c21,37
Cn1ccc2ccc3c4[nH]c5cc(O)ccc5c4c4c(c3c21)C(=O)NC4=O,33
COc1ccc2c(c1)[nH]c1c3ccc4cc[nH]c4c3c3c(c21)C(=O)NC3=O,67
COc1ccc2c(c1)[nH]c1c3ccc4ccn(C)c4c3c3c(c21)C(=O)NC3=O,53
CCOc1ccc2c(c1)[nH]c1c3ccc4ccn(C)c4c3c3c(c21)C(=O)NC3=O,44
O=C1NC(=O)c2c1c1c(ccc3cc[nH]c31)c1[nH]c3cc(OCc4ccccc4)ccc3c21,187
Cn1ccc2ccc3c4[nH]c5cc(OCc6ccccc6)ccc5c4c4c(c3c21)C(=O)NC4=O,123
Cn1ccc2ccc3c4[nH]c5c(Br)cccc5c4c4c(c3c21)C(=O)NC4=O,93
COc1cccc2c1[nH]c1c3ccc4ccn(C)c4c3c3c(c21)C(=O)NC3=O,62
Cn1ccc2ccc3c4[nH]c5c(CCO)cccc5c4c4c(c3c21)C(=O)NC4=O,82
Cn1ccc2ccc3c4[nH]c5c(CCCO)cccc5c4c4c(c3c21)C(=O)NC4=O,168
Cc1cc2ccn(C)c2c2c3c(c4c5ccccc5[nH]c4c12)C(=O)NC3=O,28
Cn1ccc2cc(F)c3c4[nH]c5ccccc5c4c4c(c3c21)C(=O)NC4=O,67
COc1cc2ccn(C)c2c2c3c(c4c5ccccc5[nH]c4c12)C(=O)NC3=O,32
COc1cc2c3[nH]c4ccccc4c3c3c(c2c2c1ccn2C)C(=O)NC3=O,54
Cc1cc2ccn(C)c2c2c3c(c4c5ccc(F)cc5[nH]c4c12)C(=O)NC3=O,50
COc1ccc2c(c1)[nH]c1c2c2c(c3c1c(C)cc1ccn(C)c13)C(=O)NC2=O,42
Cc1cc2ccn(C)c2c2c3c(c4c5ccc(C(F)(F)F)cc5[nH]c4c12)C(=O)NC3=O,92
O=C1NC(=O)c2c1c1c(ccc3cc[nH]c31)c1c2c2ccccc2n1CCCO,66
Cn1ccc2ccc3c(c4c(c5c6ccccc6n(CCCO)c35)C(=O)NC4=O)c21,96
CCn1ccc2ccc3c(c4c(c5c6ccccc6n(CCCO)c35)C(=O)NC4=O)c21,134
COc1ccc2c3c4c(c5c(ccc6ccn(C)c65)c3n(CCO)c2c1)C(=O)NC4=O,47
COc1ccc2c3c4c(c5c(ccc6ccn(C)c65)c3n(CCCO)c2c1)C(=O)NC4=O,54
Cc1cc2ccn(C)c2c2c3c(c4c5ccccc5n(C)c4c12)C(=O)NC3=O,92
Cc1cc2ccn(C)c2c2c3c(c4c5ccccc5n(CCCO)c4c12)C(=O)NC3=O,673
Cn1ccc2cc(F)c3c(c4c(c5c6ccccc6n(CCCO)c53)C(=O)NC4=O)c21,346
COc1ccc2c3c4c(c5c(ccc6ccn(C)c65)c3n(CCN3CCC[C@H]3CO)c2c1)C(=O)NC4=O,84
COc1ccc2c3c4c(c5c(ccc6ccn(C)c65)c3n(CCN3CCCCC3)c2c1)C(=O)NC4=O,135
COc1ccc2c3c4c(c5c(ccc6ccn(C)c65)c3n(CCNCCO)c2c1)C(=O)NC4=O,35
COc1ccc2c3c4c(c5c(ccc6ccn(C)c65)c3n(CCN[C@H]3CC[C@H](O)CC3)c2c1)C(=O)NC4=O,63
COc1ccc2c3c4c(c5c(ccc6ccn(C)c65)c3n(CCCN3CCC(C(N)=O)CC3)c2c1)C(=O)NC4=O,77
COc1ccc2c3c4c(c5c(ccc6ccn(C)c65)c3n(CCCN3CCC(O)CC3)c2c1)C(=O)NC4=O,48
COc1ccc2c3c4c(c5c(ccc6ccn(C)c65)c3n(CCCN3CCN(C)CC3)c2c1)C(=O)NC4=O,95
COc1ccc2c3c4c(c5c(ccc6ccn(C)c65)c3n(CCCNCCO)c2c1)C(=O)NC4=O,72
COc1ccc2c3c4c(c5c(ccc6ccn(C)c65)c3n(CCCN3CCOCC3)c2c1)C(=O)NC4=O,69
COc1ccc2c3c4c(c5c(ccc6ccn(C)c65)c3n(CCCN3CCSCC3)c2c1)C(=O)NC4=O,190
COC(=O)C1CCN(CCc2cccc3c2[nH]c2c4ccc5ccn(C)c5c4c4c(c32)C(=O)NC4=O)CC1,47
Cn1ccc2ccc3c4[nH]c5c(CCN6CCC(C(N)=O)CC6)cccc5c4c4c(c3c21)C(=O)NC4=O,51
Cn1ccc2ccc3c4[nH]c5c(CCN6CCNCC6)cccc5c4c4c(c3c21)C(=O)NC4=O,49
Cn1ccc2ccc3c4[nH]c5c(CCN6CCC(O)CC6)cccc5c4c4c(c3c21)C(=O)NC4=O,45
Cn1ccc2ccc3c4[nH]c5c(CCN6CCC[C@H]6CO)cccc5c4c4c(c3c21)C(=O)NC4=O,39
Cn1ccc2ccc3c4[nH]c5c(CCN6CCCCC6)cccc5c4c4c(c3c21)C(=O)NC4=O,45
Cn1ccc2ccc3c4[nH]c5c(CCNCCO)cccc5c4c4c(c3c21)C(=O)NC4=O,33
Cn1ccc2ccc3c4[nH]c5c(CCN6CCOCC6)cccc5c4c4c(c3c21)C(=O)NC4=O,54
Cn1ccc2ccc3c4[nH]c5c(CCN6CCSCC6)cccc5c4c4c(c3c21)C(=O)NC4=O,82
Cn1ccc2ccc3c4[nH]c5c(CCN[C@H]6CC[C@H](O)CC6)cccc5c4c4c(c3c21)C(=O)NC4=O,53
CN1CCN(CCCc2cccc3c2[nH]c2c4ccc5ccn(C)c5c4c4c(c32)C(=O)NC4=O)CC1,52
Cn1ccc2ccc3c4[nH]c5c(CCCNCCO)cccc5c4c4c(c3c21)C(=O)NC4=O,40
Cn1ccc2ccc3c4[nH]c5c(CCCN6CCOCC6)cccc5c4c4c(c3c21)C(=O)NC4=O,56
CCN(CC)CCCc1cccc2c1[nH]c1c3ccc4ccn(C)c4c3c3c(c21)C(=O)NC3=O,34
Cn1ccc2ccc3c4[nH]c5c(CCCN[C@H]6CC[C@H](O)CC6)cccc5c4c4c(c3c21)C(=O)NC4=O,49
CC(=O)Nc1cccc2c1C(=O)c1c(-c3ccccc3)n[nH]c1-2,840
CC(=O)Nc1cccc2c1C(=O)c1c(-c3ccc(C)cc3)n[nH]c1-2,490
CCc1ccc(-c2[nH]nc3c2C(=O)c2c(NC(C)=O)cccc2-3)cc1,640
CCCc1ccc(-c2[nH]nc3c2C(=O)c2c(NC(C)=O)cccc2-3)cc1,1900
CC(=O)Nc1cccc2c1C(=O)c1c(-c3ccc(O)cc3)n[nH]c1-2,2300
COc1ccc(-c2[nH]nc3c2C(=O)c2c(NC(C)=O)cccc2-3)cc1,450
CC(=O)Nc1cccc2c1C(=O)c1c-2n[nH]c1-c1ccc(N(C)C)cc1,310
CC(=O)Nc1cccc2c1C(=O)c1c(-c3ccc(N4CCCCC4)cc3)n[nH]c1-2,680
CC(=O)Nc1cccc2c1C(=O)c1c(-c3ccc(N4CCOCC4)cc3)n[nH]c1-2,860
CSc1ccc(-c2[nH]nc3c2C(=O)c2c(NC(C)=O)cccc2-3)cc1,340
CN(C)c1ccc(-c2[nH]nc3c2C(=O)c2c(NC(=O)CN4CCOCC4)cccc2-3)cc1,110
CN(C)c1ccc(-c2[nH]nc3c2C(=O)c2c(NC(=O)CN4CCC(O)CC4)cccc2-3)cc1,50
CN(C)c1ccc(-c2[nH]nc3c2C(=O)c2c(NC(=O)CN4CCC(CN)CC4)cccc2-3)cc1,7
CN1CCN(CC(=O)Nc2cccc3c2C(=O)c2c-3n[nH]c2-c2ccc(N(C)C)cc2)CC1,55
O=C(CN1CCOCC1)Nc1cccc2c1C(=O)c1c(-c3ccc(N4CCOCC4)cc3)n[nH]c1-2,120
O=C(CN1CCC(O)CC1)Nc1cccc2c1C(=O)c1c(-c3ccc(N4CCOCC4)cc3)n[nH]c1-2,110
NCC1CCN(CC(=O)Nc2cccc3c2C(=O)c2c(-c4ccc(N5CCOCC5)cc4)n[nH]c2-3)CC1,18
CN1CCN(CC(=O)Nc2cccc3c2C(=O)c2c(-c4ccc(N5CCOCC5)cc4)n[nH]c2-3)CC1,190
CCc1n[nH]c2c1C(=O)c1c(NC(=O)CN3CCC(CN)CC3)cccc1-2,1300
CC(C)c1n[nH]c2c1C(=O)c1c(NC(=O)CN3CCC(CN)CC3)cccc1-2,340
NCC1CCN(CC(=O)Nc2cccc3c2C(=O)c2c(C4CC4)n[nH]c2-3)CC1,430
NCC1CCN(CC(=O)Nc2cccc3c2C(=O)c2c-3n[nH]c2C2CCCCC2)CC1,360
CC(=O)Nc1cccc2c1C(=O)c1c(-c3ccncc3)n[nH]c1-2,1300
CC(=O)Nc1cccc2c1C(=O)c1c(-c3cccs3)n[nH]c1-2,4500
NC(=O)Nc1cccc2c1C(=O)c1c(C3CC3)n[nH]c1-2,1400
NC(=O)Nc1cccc2c1C(=O)c1c(-c3cccs3)n[nH]c1-2,150
Cc1ccsc1-c1[nH]nc2c1C(=O)c1c(NC(N)=O)cccc1-2,350
Cc1ccc(-c2[nH]nc3c2C(=O)c2c(NC(N)=O)cccc2-3)s1,53
CCOC(=O)c1ccc(-c2[nH]nc3c2C(=O)c2c(NC(N)=O)cccc2-3)s1,300
NC(=O)Nc1cccc2c1C(=O)c1c(-c3csc(Cl)c3)n[nH]c1-2,57
NC(=O)Nc1cccc2c1C(=O)c1c(-c3ccco3)n[nH]c1-2,840
Cn1ccc(-c2[nH]nc3c2C(=O)c2c(NC(N)=O)cccc2-3)c1,130
CSc1nn(-c2c(Cl)cc(C(F)(F)F)cc2Cl)c2nc(C)[nH]c(=O)c12,8000
CSc1nn(-c2ccccc2Cl)c2nc(C)[nH]c(=O)c12,19000
CSc1nn(-c2cccc(Cl)c2Cl)c2nc(C)[nH]c(=O)c12,50000
CSc1nn(-c2ccc(C)cc2C)c2nc(C)[nH]c(=O)c12,48000
CSc1nn(-c2ccc(Cl)cc2Cl)c2nc(C)[nH]c(=O)c12,37000
CSc1nn(-c2cc(C)ccc2C)c2nc(C)[nH]c(=O)c12,25000
CSc1nn(-c2cc(Cl)ccc2Cl)c2nc(C)[nH]c(=O)c12,23000
CSc1nn(-c2cc(C(F)(F)F)ccc2Cl)c2nc(C)[nH]c(=O)c12,15000
CSc1nn(-c2cc(F)ccc2Cl)c2nc(C)[nH]c(=O)c12,6800
CSc1nn(-c2c(Cl)cccc2Cl)c2nc(C)[nH]c(=O)c12,5300
CSc1nn(-c2c(C)cc(Cl)cc2Cl)c2nc(C)[nH]c(=O)c12,11000
CSc1nn(-c2c(C)cc(C)cc2C)c2nc(C)[nH]c(=O)c12,37000
Cc1nc2c(c(C(F)(F)F)nn2-c2c(Cl)cc(Cl)cc2Cl)c(=O)[nH]1,3100
CCCc1nn(-c2c(Cl)cc(Cl)cc2Cl)c2nc(C)[nH]c(=O)c12,5700
Cc1nc2c(c(C)nn2-c2c(Cl)cc(Cl)cc2Cl)c(=O)[nH]1,3500
Cc1nc2c(cnn2-c2c(Cl)cc(Cl)cc2Cl)c(=O)[nH]1,12000
Cc1nc2c(c(CO)nn2-c2c(Cl)cc(Cl)cc2Cl)c(=O)[nH]1,7000
CSc1nn(-c2c(Cl)cc(Cl)cc2Cl)c2nc(C(C)C)[nH]c(=O)c12,10000
CCCc1nc2c(c(SC)nn2-c2c(Cl)cc(Cl)cc2Cl)c(=O)[nH]1,9100
CSc1nn(-c2c(Cl)cc(Cl)cc2Cl)c2nc(C3CC3)[nH]c(=O)c12,4300
C=Cc1nc2c(c(CC)nn2-c2c(Cl)cc(Cl)cc2Cl)c(=O)[nH]1,2900
CSc1nn(-c2c(Cl)cc(Cl)cc2Cl)c2nc(C(C)O)[nH]c(=O)c12,27000
CSCc1nc2c(c(SC)nn2-c2c(Cl)cc(Cl)cc2Cl)c(=O)[nH]1,15000
CCc1nn(-c2c(Cl)cc(Cl)cc2Cl)c2nc(CCSC)[nH]c(=O)c12,6500
COC(=O)c1nc2c(c(SC)nn2-c2c(Cl)cc(Cl)cc2Cl)c(=O)[nH]1,240000
CSc1nn(-c2c(Cl)cc(Cl)cc2Cl)c2nc(CCCO)[nH]c(=O)c12,13000
CSc1nn(-c2c(Cl)cc(Cl)cc2Cl)c2nc(CCCCCO)[nH]c(=O)c12,10000
CCc1nn(-c2c(Cl)cc(Cl)cc2Cl)c2nc(CCCCO)[nH]c(=O)c12,2400
CSc1nn(-c2c(Cl)cc(Cl)cc2Cl)c2nc(CF)[nH]c(=O)c12,44000
CSc1nn(-c2c(Cl)cc(Cl)cc2Cl)c2nc(-c3ccco3)[nH]c(=O)c12,36000
CSc1nn(-c2c(Cl)cc(Cl)cc2Cl)c2nc(Cc3cccs3)[nH]c(=O)c12,20000
CCc1nn(-c2c(Cl)cc(Cl)cc2Cl)c2nc(CCc3ccccc3)[nH]c(=O)c12,7100
CCc1nn(-c2c(Cl)cc(Cl)cc2Cl)c2nc(CCc3cnc[nH]3)[nH]c(=O)c12,3600
CCc1nn(-c2c(Cl)cc(Cl)cc2Cl)c2nc(Cc3ccccc3)[nH]c(=O)c12,3000
CSc1nn(-c2c(Cl)cc(Cl)cc2Cl)c2nc(Cc3ccccc3)[nH]c(=O)c12,11000
CCc1nn(-c2c(Cl)cc(Cl)cc2Cl)c2nc(Cc3ccccc3CO)[nH]c(=O)c12,2900
CCc1nn(-c2c(Cl)cc(Cl)cc2Cl)c2nc(Cc3ccccn3)[nH]c(=O)c12,9700
CCc1nn(-c2c(Cl)cc(Cl)cc2Cl)c2nc(Cc3cccc(OC)c3)[nH]c(=O)c12,5000
CCc1nn(-c2c(Cl)cc(Cl)cc2Cl)c2nc(Cc3cccc(N)c3)[nH]c(=O)c12,2900
CCc1nn(-c2c(Cl)cc(Cl)cc2Cl)c2nc(Cc3cccnc3)[nH]c(=O)c12,1300
CCc1nn(-c2c(Cl)cc(Cl)cc2Cl)c2nc(Cc3ccncc3)[nH]c(=O)c12,3000
CCc1nn(-c2c(Cl)cc(Cl)cc2Cl)c2nc(Cc3ccc(N)cc3)[nH]c(=O)c12,2700
CCc1nn(-c2c(Cl)cc(Cl)cc2Cl)c2nc(Cc3ccc(OC)cc3)[nH]c(=O)c12,2200
CCc1nn(-c2c(Cl)cc(Cl)cc2Cl)c2nc(Cc3ccc(O)cc3)[nH]c(=O)c12,2000
CCc1nn(-c2c(Cl)cc(Cl)cc2Cl)c2nc(Cc3ccc(C)c(OC)c3)[nH]c(=O)c12,2100
CCc1nn(-c2c(Cl)cc(Cl)cc2Cl)c2nc(Cc3ccc(OC)c(OC)c3)[nH]c(=O)c12,4500
CCc1nn(-c2c(Cl)cc(Cl)cc2Cl)c2nc(Cc3ccc(O)c(O)c3)[nH]c(=O)c12,40
CCc1nn(-c2c(Cl)cc(Cl)cc2Cl)c2nc(Cc3cc(O)cc(O)c3)[nH]c(=O)c12,50
CCc1nn(-c2c(Cl)cc(Cl)cc2Cl)c2nc(Cc3cccc(NS(C)(=O)=O)c3)[nH]c(=O)c12,160
CCc1nn(-c2c(Cl)cc(Cl)cc2Cl)c2nc(Cc3ccc(NC(C)=O)cc3)[nH]c(=O)c12,1300
CCc1nn(-c2c(Cl)cc(Cl)cc2Cl)c2nc(Cc3ccc(NC(=O)CNC(=O)OC(C)(C)C)cc3)[nH]c(=O)c12,1700
COc1ccc(-c2[nH]nc3c2C(=O)c2ccccc2-3)cc1,45000
COc1ccc(-c2[nH]nc3c2C(=O)c2cc(O)ccc2-3)cc1,21500
COc1ccc(-c2[nH]nc3c2C(=O)c2c(C(N)=O)cccc2-3)cc1,460
COc1ccc(-c2[nH]nc3c2C(=O)c2c(O)cccc2-3)cc1,20000
COc1ccc(-c2[nH]nc3c2C(=O)c2cc(N)ccc2-3)cc1,108000
COc1ccc(-c2[nH]nc3c2C(=O)c2c(N)cccc2-3)cc1,23000
COc1ccc(-c2[nH]nc3c2C(=O)c2ccncc2-3)cc1,34500
COc1ccc(-c2[nH]nc3c2C(=O)c2c-3ccc3ccccc23)cc1,80000
COc1ccc(-c2[nH]nc3c2C(=O)c2cc(Cl)c(Cl)cc2-3)cc1,55500
COc1ccc(-c2[nH]nc3c2C(=O)c2c(NC(=O)Cc4ccc(N)cc4)cccc2-3)cc1,480
COc1ccc(-c2[nH]nc3c2C(=O)c2c(NC(=O)CN(C)C)cccc2-3)cc1,900
COc1ccc(-c2[nH]nc3c2C(=O)c2c(NC(=O)CN4CCNCC4)cccc2-3)cc1,113
CCNCC(=O)Nc1cccc2c1C(=O)c1c(-c3ccc(OC)cc3)n[nH]c1-2,917
COc1ccc(-c2[nH]nc3c2C(=O)c2c(NC(=O)CN4CCOCC4)cccc2-3)cc1,195
COc1ccc(-c2[nH]nc3c2C(=O)c2c(NC(=O)CN4CCN(C)CC4)cccc2-3)cc1,125
COc1ccc(-c2[nH]nc3c2C(=O)c2c(NC(=O)CN4CCC(CN)CC4)cccc2-3)cc1,20
COc1ccc(-c2[nH]nc3c2C(=O)c2c(NC(=O)CN4CCC(C(N)=O)CC4)cccc2-3)cc1,76
COc1ccc(-c2[nH]nc3c2C(=O)c2c(NC(=O)CN4CCC(CO)CC4)cccc2-3)cc1,82
COc1ccc(-c2[nH]nc3c2C(=O)c2c(NC(=O)CN4CCN(C(N)=O)CC4)cccc2-3)cc1,64
COc1ccc(-c2[nH]nc3c2C(=O)c2c(NC(=O)CN4CCN(C(=N)N)CC4)cccc2-3)cc1,26
COc1ccc(-c2[nH]nc3c2C(=O)c2c(NC(N)=O)cccc2-3)cc1,66
COc1ccc(-c2[nH]nc3c2C(=O)c2c(NC(=O)NCc4ccccc4)cccc2-3)cc1,307
COc1ccc(-c2[nH]nc3c2C(=O)c2c(NC(=O)Nc4ccccc4)cccc2-3)cc1,877
CCCCNC(=O)Nc1cccc2c1C(=O)c1c(-c3ccc(OC)cc3)n[nH]c1-2,780
COc1ccc(-c2[nH]nc3c2C(=O)c2c(NC(=O)NN(C)C)cccc2-3)cc1,21
COc1ccc(-c2[nH]nc3c2C(=O)c2c(NC(=O)NN4CCN(C)CC4)cccc2-3)cc1,9
COc1ccc(-c2[nH]nc3c2C(=O)c2c(NC(=O)NN4CCOCC4)cccc2-3)cc1,12
COc1ccc(-c2[nH]nc3c2C(=O)c2c(NC(=O)NN4CCCCC4)cccc2-3)cc1,12
COc1ccc(-c2[nH]nc3c2C(=O)c2c(NC(=O)NN4CCCC4)cccc2-3)cc1,12
Cn1cc(C2=C(c3coc4cc(CO)ccc34)C(=O)NC2=O)c2cc(F)c(Cl)cc21,18300
COc1cccc2c(C3=C(c4cn(C)c5cc(Cl)c(F)cc45)C(=O)NC3=O)coc12,59500
Cn1cc(C2=C(c3coc4cc(CO)ccc34)C(=O)NC2=O)c2cc(Br)ccc21,1080
COCc1cccc2c(C3=C(c4coc5ccccc45)C(=O)NC3=O)cn(C)c12,8620
COC(=O)[C@]1(O)C[C@@H]2O[C@@]1(C)n1c3ccccc3c3c4c(c5c6ccccc6n2c5c31)C(=O)NC4,30
O=C1NCc2c1c1c3ccccc3[nH]c1c1[nH]c3ccccc3c21,830
O=C1NC(=O)C(c2c[nH]c3ccccc23)=C1c1c[nH]c2ccccc12,5810
Cn1cc(C2=C(c3c[nH]c4cc(F)ccc34)C(=O)NC2=O)c2ccccc21,840
Cn1cc(C2=C(c3c[nH]c4cc(Br)ccc34)C(=O)NC2=O)c2ccccc21,730
O=C1NC(=O)C(c2cn(CCCO)c3ccccc23)=C1c1c[nH]c2ccccc12,1170
O=C1NC(=O)c2c1c1c3ccccc3[nH]c1c1c2c2ccccc2n1CCCO,70
CNCCCn1cc(C2=C(c3c[nH]c4ccccc34)C(=O)NC2=O)c2ccccc21,960
CN(C)CCCn1cc(C2=C(c3c[nH]c4ccccc34)C(=O)NC2=O)c2ccccc21,990
CN(C)CCCn1c2ccccc2c2c3c(c4c5ccccc5[nH]c4c21)C(=O)NC3=O,130
Cn1cc(C2=C(c3c[nH]c4ccccc34)C(=O)NC2=O)c2ccccc21,1250
Cn1c2ccccc2c2c3c(c4c5ccccc5[nH]c4c21)C(=O)NC3=O,80
COc1ccc2c(C3=C(c4c[nH]c5cc(OC)ccc45)C(=O)NC3=O)c[nH]c2c1,4640
COc1ccc2c(c1)[nH]c1c3[nH]c4cc(OC)ccc4c3c3c(c21)C(=O)NC3=O,180
Cn1cc(C2=C(c3cn(C)c4ccccc34)C(=O)NC2=O)c2ccccc21,890
Cn1cc(C2=C(c3cn(CC(O)CO)c4ccccc34)C(=O)NC2=O)c2ccccc21,2140
Cn1c2ccccc2c2c3c(c4c5ccccc5n(CC(O)CO)c4c21)C(=O)NC3=O,260
CNC(=O)c1nn(C)c2c1C(C)(C)Cc1cnc(Nc3ccc(N4CCN(C)CC4)cc3)nc1-2,160
CC[C@H](CO)Nc1nc(NCc2ccccn2)c2ncn(C(C)C)c2n1,3800
CCC(O)[C@@H](CC)Nc1nc(NCc2ccccn2)c2ncn(C(C)C)c2n1,20000
CC[C@@H](Nc1nc(NCc2ccccn2)c2ncn(C(C)C)c2n1)C(O)C(C)C,32000
CC[C@@H](Nc1nc(NCc2ccccn2)c2ncn(C(C)C)c2n1)C(O)C(C)(C)C,38000
CC[C@@H](Nc1nc(NCc2ccccn2)c2ncn(C(C)C)c2n1)C(C)(C)O,18000
CC[C@H](CO)Nc1nc(NCc2cccnc2)c2ncn(C(C)C)c2n1,20000
CC[C@@H](Nc1nc(NCc2cccnc2)c2ncn(C(C)C)c2n1)C(C)O,14000
CCC(O)[C@@H](CC)Nc1nc(NCc2cccnc2)c2ncn(C(C)C)c2n1,25000
CC[C@@H](Nc1nc(NCc2cccnc2)c2ncn(C(C)C)c2n1)C(O)C(C)C,21000
CC[C@@H](Nc1nc(NCc2cccnc2)c2ncn(C(C)C)c2n1)C(O)C(C)(C)C,24000
CC[C@@H](Nc1nc(NCc2cccnc2)c2ncn(C(C)C)c2n1)C(C)(C)O,7500
CC[C@H](CO)Nc1nc(NCc2ccncc2)c2ncn(C(C)C)c2n1,30000
CC[C@@H](Nc1nc(NCc2ccccc2)c2ncn(C(C)C)c2n1)C(C)O,23000
CCC(O)[C@@H](CC)Nc1nc(NCc2ccccc2)c2ncn(C(C)C)c2n1,34000
CC[C@@H](Nc1nc(NCc2ccccc2)c2ncn(C(C)C)c2n1)C(O)C(C)C,28000
CC[C@@H](Nc1nc(NCc2ccccc2)c2ncn(C(C)C)c2n1)C(O)C(C)(C)C,200000
CC[C@@H](Nc1nc(NCc2ccccc2)c2ncn(C(C)C)c2n1)C(C)(C)O,12000
CC[C@H](Nc1nc(NCc2ccccn2)c2ncn(C(C)C)c2n1)C(C)O,18000
CCC(O)[C@H](CC)Nc1nc(NCc2ccccn2)c2ncn(C(C)C)c2n1,24000
CC[C@H](Nc1nc(NCc2ccccn2)c2ncn(C(C)C)c2n1)C(O)C(C)C,49000
CC[C@H](Nc1nc(NCc2ccccn2)c2ncn(C(C)C)c2n1)C(O)C(C)(C)C,22000
CC[C@H](Nc1nc(NCc2ccccn2)c2ncn(C(C)C)c2n1)C(C)(C)O,20000
CC[C@H](Nc1nc(NCc2cccnc2)c2ncn(C(C)C)c2n1)C(C)O,6800
CCC(O)[C@H](CC)Nc1nc(NCc2cccnc2)c2ncn(C(C)C)c2n1,11000
CC[C@H](Nc1nc(NCc2cccnc2)c2ncn(C(C)C)c2n1)C(O)C(C)C,31000
CC[C@H](Nc1nc(NCc2cccnc2)c2ncn(C(C)C)c2n1)C(O)C(C)(C)C,13000
CC[C@H](Nc1nc(NCc2cccnc2)c2ncn(C(C)C)c2n1)C(C)(C)O,12000
CC[C@H](Nc1nc(NCc2ccccc2)c2ncn(C(C)C)c2n1)C(C)O,9000
CCC(O)[C@H](CC)Nc1nc(NCc2ccccc2)c2ncn(C(C)C)c2n1,20000
CC[C@H](Nc1nc(NCc2ccccc2)c2ncn(C(C)C)c2n1)C(O)C(C)C,33000
CC[C@H](Nc1nc(NCc2ccccc2)c2ncn(C(C)C)c2n1)C(O)C(C)(C)C,60000
CC[C@H](Nc1nc(NCc2ccccc2)c2ncn(C(C)C)c2n1)C(C)(C)O,8500
CCN(CC)C(=O)c1ccc(Nc2nc(OCC3CCCCC3)c3nc[nH]c3n2)cc1,940
O=C1Nc2ccc3ncsc3c2/C1=C/Nc1ccc(S(=O)(=O)Nc2ccccn2)cc1,139
NS(=O)(=O)c1ccc(N/N=C2\C(=O)Nc3ccc(Br)cc32)cc1,2800
CCCOc1cnc(CN/C=C2\C(=O)NC(=O)c3ccc(I)cc32)cc1O,38
Nc1nc(Nc2ccc(S(N)(=O)=O)cc2)nn1C(=S)Nc1c(F)cccc1F,59
OCCCNc1cc(-c2ccnc(Nc3cccc(Cl)c3)n2)ccn1,216
O=C1Nc2cc(Br)ccc2/C1=C1/Nc2ccccc2/C1=N\O,527
CC(C)c1cnc(NC(=O)Cc2ccccc2)s1,20400
O=C1NC(=O)c2c1c1c3ccncc3ccc1c1[nH]c3ccccc3c21,69
O=C1NC(=O)c2c1c1cnc3ccccc3c1c1c2c2ccccc2n1CCCO,1190
O=C1NC(=O)c2c1c1c3ccccc3cnc1c1c2c2ccccc2n1CCCCO,1150
CN(C)CCCCn1c2ccccc2c2c3c(c4c5ccccc5cnc4c21)C(=O)NC3=O,1140
CN(C)CCCn1c2ccccc2c2c3c(c4c5ccccc5cnc4c21)C(=O)NC3=O,170
COc1ccc2c(c1)[nH]c1c3cnc4ccccc4c3c3c(c21)C(=O)NC3=O,210
CCOC(=O)CSc1cnc(NC(C)=O)s1,23030
CC(=O)Nc1ncc(SCC(=O)OC(C)(C)C)s1,5380
CC(=O)Nc1ncc(SCC(=O)OCc2ccccc2)s1,19060
CCc1cnc(CSc2cnc(NC(C)=O)s2)o1,2250
CC(=O)Nc1ncc(SCc2ncc(C)o2)s1,5160
CC(=O)Nc1ncc(SCc2ncc(C(C)C)o2)s1,1070
CC(=O)Nc1ncc(SCc2ncc(C(C)(C)C)o2)s1,690
CC(=O)Nc1ncc(SCc2ncc(CC3CCCCC3)o2)s1,640
CC(=O)Nc1ncc(SCc2ncc(-c3ccccc3)o2)s1,4510
CC(C)(C)C(=O)Nc1ncc(SCc2ncc(C(C)(C)C)o2)s1,3480
CC(C)(C)c1cnc(CSc2cnc(NC(=O)c3ccccc3)s2)o1,960
C[C@@H](C(=O)Nc1ncc(SCc2ncc(C(C)(C)C)o2)s1)c1ccccc1,3130
CC(C)OC(=O)Nc1ncc(SCc2ncc(C(C)(C)C)o2)s1,2990
CC(C)(C)c1cnc(CSc2cnc(NC(=O)Nc3ccc(F)cc3)s2)o1,900
CC(C)(C)c1cnc(CSc2cnc(NC(=O)Nc3c(F)cccc3F)s2)o1,390
CC(C)(C)c1cnc(CSc2cnc(NC(=O)Cc3ccc(CNC(CO)CO)cc3)s2)o1,102
CCc1cnc(CSc2cnc(NC(=O)C(C)C)s2)o1,1070
CCc1cnc(CSc2cnc(NC(=O)Cc3cccnc3)s2)o1,1090
CCSc1cc(=O)c2c(O)cc(O)c(C3CCN(C)CC3O)c2o1,2060
CN1CC[C@H](c2c(O)cc(O)c3c(=O)cc(Oc4ccccc4Cl)oc23)[C@H](O)C1,6150
CN1CCC(c2c(O)cc(O)c3c(=O)cc(SC(C)(C)C)oc23)C(O)C1,2070
Cc1cc(C)nc(Sc2cc(=O)c3c(O)cc(O)c(C4CCN(C)CC4O)c3o2)n1,82500
CN1CCC(c2c(O)cc(O)c3c(=O)cc(N4CCCCC4)oc23)C(O)C1,3700
Cn1cnc2c(NCc3ccccc3)nc(NCCO)nc21,1000000
COC(=O)[C@@]1(Cc2ccc(O)c(CC=C(C)C)c2)OC(=O)C(O)=C1c1ccc(O)cc1,1000000
CN(CCc1c[nH]c2ccccc12)C(=O)c1ccc(Cl)cc1,38000
CN(CCc1c[nH]c2ccccc12)C(=O)c1ccc(-c2ccccc2)cc1,6200
CN(CCc1c[nH]c2ccccc12)C(=O)c1ccc(C(C)(C)C)cc1,49000
COc1ccc(-c2[nH]nc3c2C(=O)c2c(NC=O)cccc2-3)cc1,200
COc1ccc(-c2[nH]nc3c2C(=O)c2c(NC(=O)C(C)(C)C)cccc2-3)cc1,45000
Nc1n[nH]c(N)c1/N=N/c1ccccc1[N+](=O)[O-],16000
Nc1n[nH]c(N)c1/N=N/c1cccc([N+](=O)[O-])c1,70000
Nc1n[nH]c(N)c1/N=N/c1cccc(O)c1,56000
Nc1n[nH]c(N)c1/N=N/c1ccc(O)cc1,13500
COc1cc(C2=C(c3c[nH]c4ccccc34)C(=O)NC2=O)cc(OC)c1OC,14000
COc1cc(C2=C(c3c[nH]c4ccccc34)C(=O)NC2)cc(OC)c1OC,30000
COc1cc(C2=C(c3cn(COC(C)(C)C)c4ccccc34)CNC2=O)cc(OC)c1OC,27000
COc1cc(C2=C(c3cn(COc4ccccc4)c4ccccc34)CNC2=O)cc(OC)c1OC,44000
COc1cc(C2=C(c3cn(C)c4ccccc34)C(=O)NC2)cc(OC)c1OC,40000
COc1ccc(C2=C(c3c[nH]c4ccccc34)C(=O)NC2)cc1,35000
O=C1NC(=O)c2c1c1c3ccccc3[nH]c1c1c2c2cccc3c2n1C(CO)CC3,18
O=C1NC(=O)c2c1c1c3ccccc3[nH]c1c1c2c2cccc3c2n1CC(CO)C3,71
O=C1NC(=O)c2c1c1c3ccccc3[nH]c1c1c2c2cccc3c2n1CCC3CO,31
O=C1NC(=O)c2c1c1c3ccc(F)cc3[nH]c1c1c2c2cccc3c2n1CC(CO)C3,22
O=C1NC(=O)c2c1c1c3ccc(Br)cc3[nH]c1c1c2c2cccc3c2n1CC(CO)C3,10
O=C1NC(=O)c2c1c1c3ccc(C(F)(F)F)cc3[nH]c1c1c2c2cccc3c2n1CC(CO)C3,23
COc1ccc2c(c1)[nH]c1c2c2c(c3c4cccc5c4n(c13)CC(CO)C5)C(=O)NC2=O,15
O=C1NC(=O)c2c1c1c3ccccc3[nH]c1c1c2c2cccc3c2n1CC(CO)CC3,126
O=C1NC(=O)c2c1c1c3ccccc3ccc1c1c2c2cccc3c2n1C(CO)CC3,175
O=C1NC(=O)c2c1c1c3ccccc3ccc1c1c2c2cccc3c2n1CC(CO)C3,72
O=C1NC(=O)c2c1c1c3ccccc3ccc1c1c2c2cccc3c2n1CCC3CO,210
Cn1ccc2ccc3c(c4c(c5c6cccc7c6n(c35)CC(CO)C7)C(=O)NC4=O)c21,84
O=C1NC(=O)C(c2cn3c4c(cccc24)CC(CCl)C3)=C1c1c[nH]c2cc(F)ccc12,64
CN(C)CC1Cc2cccc3c(C4=C(c5c[nH]c6ccccc56)C(=O)NC4=O)cn(c23)C1,898
COC(=O)CC(NCC1Cc2cccc3c(C4=C(c5c[nH]c6cc(F)ccc56)C(=O)NC4=O)cn(c23)C1)C(=O)OC,671
COc1ccc2cnc(Nc3ccccc3)nc2c1C(C)C,125
COc1ccc2cnc(Nc3ccc(N4CCCC4)cc3)nc2c1C(C)C,560
COc1ccc2cnc(Nc3ccc(N4CCC(N)C4)cc3)nc2c1C(C)C,11
COc1ccc2cnc(Nc3ccc(N4CCCCC4)cc3)nc2c1C(C)C,52
COc1ccc2cnc(Nc3ccc(N4CCOCC4)cc3)nc2c1C(C)C,52
COc1ccc2cnc(Nc3ccc(N4CCNCC4)cc3)nc2c1C(C)C,16
COc1ccc2cnc(Nc3ccc(N4CCNCC4)c(F)c3)nc2c1C(C)C,7
COc1ccc2cnc(Nc3ccc(N4CCN(C(C)=O)CC4)cc3)nc2c1C(C)C,25
COc1ccc2cnc(Nc3ccc(N4CCN(C(=O)CN)CC4)cc3)nc2c1C(C)C,10
COc1ccc2cnc(Nc3ccccc3)nc2c1C1CCCC1,166
COc1ccc2cnc(Nc3ccc(N4CCCC4)cc3)nc2c1C1CCCC1,1750
COc1ccc2cnc(Nc3ccc(N4CCC(N)C4)cc3)nc2c1C1CCCC1,115
COc1ccc2cnc(Nc3ccc(N4CCOCC4)cc3)nc2c1C1CCCC1,18
COc1ccc2cnc(Nc3ccc(N4CCNCC4)cc3)nc2c1C1CCCC1,1
COc1ccc2cnc(Nc3ccc(N4CCNCC4)c(F)c3)nc2c1C1CCCC1,4
CC(C)c1c(O)ccc2cnc(Nc3ccccc3)nc12,325
Oc1ccc2cnc(Nc3ccc(N4CCOCC4)cc3)nc2c1C1CCCC1,3
Oc1ccc2cnc(Nc3ccc(N4CCNCC4)cc3)nc2c1C1CCCC1,1
Oc1ccc2cnc(Nc3ccc(N4CCNCC4)c(F)c3)nc2c1C1CCCC1,1
CS(=O)(=O)c1ccc(Nc2cn3cc(C(=O)c4c(Cl)cccc4Cl)ccc3n2)cc1,1220
CS(=O)(=O)c1cccc(Nc2cn3cc(C(=O)c4c(Cl)cccc4Cl)ccc3n2)c1,3140
CSc1ccc(Nc2cn3cc(C(=O)c4c(Cl)cccc4Cl)ccc3n2)cc1,7400
CSc1cccc(Nc2cn3cc(C(=O)c4c(Cl)cccc4Cl)ccc3n2)c1,11900
NC(=O)c1ccc(Nc2cn3cc(C(=O)c4c(Cl)cccc4Cl)ccc3n2)cc1,1610
NC(=O)c1cccc(Nc2cn3cc(C(=O)c4c(Cl)cccc4Cl)ccc3n2)c1,3950
CN(C)S(=O)(=O)c1ccc(Nc2cn3cc(C(=O)c4c(Cl)cccc4Cl)ccc3n2)cc1,2160
NS(=O)(=O)c1ccc(Nc2cn3cc(C(=O)c4c(Cl)cccc4Cl)ccc3n2)cc1,1340
N=C(N)NS(=O)(=O)c1ccc(Nc2cn3cc(C(=O)c4c(Cl)cccc4Cl)ccc3n2)cc1,1290
O=C(NS(=O)(=O)c1ccc(Nc2cn3cc(C(=O)c4c(Cl)cccc4Cl)ccc3n2)cc1)c1ccccc1,3840
O=C(O)c1ccc(Nc2cn3cc(C(=O)c4c(Cl)cccc4Cl)ccc3n2)cc1,4990
N[C@H]1CC[C@H](Nc2nc(NCc3cccc(I)c3)c3ncn(C4CCCC4)c3n2)CC1,2000
N[C@H]1CC[C@H](Nc2nc(NCC3CC3)c3ncn(C4CCCC4)c3n2)CC1,780
N[C@H]1CC[C@H](Nc2nc(NCc3ccccc3)c3ncn(C4CCCC4)c3n2)CC1,3600
C[C@H](Nc1nc(N[C@H]2CC[C@H](N)CC2)nc2c1ncn2C1CCCC1)c1ccccc1,8800
O=C/C=C/c1ccccc1O,35000
O=C/C=C/c1cccc(O)c1,45000
O=C/C=C/c1ccccc1OCc1ccccc1,11000
O=C/C=C/c1cccc(OCc2ccccc2)c1,7500
Cc1ccccc1COc1ccccc1/C=C/C=O,18000
Cc1ccccc1COc1cccc(/C=C/C=O)c1,15000
CN1CC[C@H](c2c(O)cc(O)c3c(=O)cc(-c4ccccc4Cl)oc23)C(O)C1,100
Cn1nc(C(N)=O)c2c1-c1nc(NC3CCN(C(=O)c4ccccc4)CC3)ncc1CC2,350
CNC(=O)c1nn(C)c2c1CCc1cnc(NC3CCN(C(=O)C4CCN(S(C)(=O)=O)CC4)CC3)nc1-2,176
Nc1nc(Nc2ccc(S(N)(=O)=O)cc2)sc1C(=O)c1ccccc1[N+](=O)[O-],4
O=C(Nc1ccc(CN2CCOCC2)cc1)c1n[nH]cc1Nc1ncnc2sccc12,2.4
CN1CCN(Cc2ccc(NC(=O)c3n[nH]cc3Nc3ncnc4sccc34)cc2)CC1,3.33
CN1CCN(Cc2ccc(NC(=O)c3n[nH]cc3Nc3ncnc4occc34)cc2)CC1,5.67
CN1CCN(Cc2ccc(NC(=O)c3n[nH]cc3Nc3ncnc4ccsc34)cc2)CC1,3.1
CN1CCN(Cc2ccc(NC(=O)c3n[nH]cc3Nc3ncnc4[nH]ccc34)cc2)CC1,0.85
CC(C)c1n[nH]c2c(NCc3ccc(-c4ccccn4)cc3)nc(SCCN)nc12,603
CCC(C)[C@H]1[C@](C)(O)C(=O)[C@@]2(O)C[C@](C)(O)C[C@@H](C)[C@@H]2[C@]1(C)C(=O)/C=C/OC,11500
C[C@@H](O)c1c(O)cc2c(c1O)C(=O)c1c(O)cc(O)cc1C2=O,43500
CO[C@H](C)c1c(O)cc2c(c1O)C(=O)c1c(O)cc(O)cc1C2=O,22500
CO[C@H](C)c1c(O)cc2c(c1O)C(=O)c1c(cc(O)c(O)c1O)C2=O,37500
Oc1ccc2oc3ncc(Br)c(-c4ccccc4)c3c2c1,28700
O=C1NC(=O)c2c1c1c3ccccc3[nH]c1c1[nH]c3cc(F)ccc3c21,103
O=C1NC(=O)c2c1c1c3ccccc3[nH]c1c1[nH]c3cc(Cl)ccc3c21,72
Cc1ccc2c(c1)[nH]c1c3[nH]c4ccccc4c3c3c(c21)C(=O)NC3=O,226
O=C1NC(=O)c2c1c1c3ccccc3[nH]c1c1[nH]c3cc(C(F)(F)F)ccc3c21,1135
COc1ccc2c(c1)[nH]c1c3[nH]c4ccccc4c3c3c(c21)C(=O)NC3=O,134
COc1ccc2c(c1)[nH]c1c3[nH]c4cc(Br)ccc4c3c3c(c21)C(=O)NC3=O,630
O=C1Nc2ccccc2/C1=C1/Nc2ccccc2C1=O,12000
COc1ccc(CNc2ccnc3oc4ccccc4c23)cc1,376000
Nc1nc(Nc2ccc(S(N)(=O)=O)cc2)nn1C(=O)c1c(F)cccc1F,110
Cc1ccc(F)c(C(=O)n2nc(Nc3ccc(S(N)(=O)=O)cc3)nc2C)c1F,190
Cc1ccsc1C(=O)n1nc(Nc2ccc(S(N)(=O)=O)cc2)nc1N,120
OCCCNc1cc(-c2ncnc(Nc3cccc(Cl)c3)n2)ccn1,308
Nc1nccc(-c2c[nH]c3c(Br)ccc(O)c23)n1,3000
Nc1n[nH]c(N)c1/N=N/c1ccncc1,450
Cn1nc(N)c(/N=N/c2ccncc2)c1N,420
CN1CCN(c2ccc(Nc3nc(N)c(C(=O)c4ccc5c(c4)OCCO5)s3)cc2)CC1,20
COc1cccc(C(=O)c2sc(Nc3ccc(N4CCN(C(C)C)CC4)cc3)nc2N)c1,20
c1cnc2[nH]c(-c3cnnn3CCCc3c[nH]c4ncccc34)cc2c1,9000
CC(C)c1cnn2c(NCc3ccccc3)cc(NCCCCCCN)nc12,44700
COc1ccccc1-c1cc(Nc2cccc(CS(N)(=O)=O)c2)ncn1,3160
CN1CC[C@H](c2c(O)cc(O)c3c(=O)cc(/C=C/c4c(Cl)cccc4Cl)oc23)[C@H](O)C1,22.5
O=c1oc2c(O)c(O)cc3c(=O)oc4c(O)c(O)cc1c4c23,1090
CC(C)CC(=O)Nc1n[nH]c2c1CN(C(=O)C1CCN(C)CC1)C2(C)C,62
Cc1cnc(Nc2ccc(N3CCC(N(C)CCO)CC3)c(F)c2)nc1-c1cnn(C(C)C)c1,18
Cc1ccc(Cl)cc1NC(=O)Nc1cccc2ccc(O)cc12,44000
O=C(Nc1ccccc1)Nc1cccc2ccc(O)cc12,120000
O=C(Nc1cccnc1)Nc1cccc2ccc(O)cc12,340000
O=C(Nc1ccncc1)Nc1cccc2ccc(O)cc12,110000
O=C(Nc1nccs1)Nc1cccc2ccc(O)cc12,23000
O=C(NCc1ccccc1)Nc1cccc2ccc(O)cc12,410000
CC(C)NC(=O)Nc1cccc2ccc(O)cc12,220000
O=C(Nc1cccc2ccc(O)cc12)NC1CCCC1,150000
CN(C)c1cc(NC(=O)Nc2ccccc2)c2ccccc2n1,90000
CN(C)c1cc(NC(=O)Nc2cccc(Cl)c2)c2ccccc2n1,36000
O=C(Nc1ccc2ncccc2c1)Nc1ccc2ncccc2c1,77000
CSc1ccc(NC(=O)Nc2cccc3c(O)cccc23)cc1,40000
O=C1NC(=O)C(=Cc2ccc3c(c2)OCO3)C(=O)N1,350000
O=C1NC(=S)NC(=O)C1=Cc1c(O)ccc2ccccc12,100000
Cc1[nH]c2ccccc2c1/C=C1/NC(=S)NC1=O,14000
Nc1nc(N)nc(C2=Cc3cc(Cl)ccc3OC2)n1,450000
COc1nc(N)c(C#N)c(-c2ccc3c(c2)OCO3)c1C#N,36000
Nc1nc(N)c2nc(-c3ccccc3)c(N)nc2n1,210000
Nc1nc2ncc(CNc3ccc(C(=O)O)cc3)nc2c(=O)[nH]1,16000
O=C(Nc1ccccn1)Nc1cccc2ccc(O)cc12,7600
O=C(Nc1ccc2cn[nH]c2c1)Nc1ccccn1,670
O=C(Nc1ccccn1)Nc1cccc2ncccc12,2400
O=C(Nc1ccccn1)Nc1cccc2c1C(=O)NC2=O,3600
O=C(Nc1ccccc1)Nc1ccccn1,100000
O=C(Nc1ccccn1)Nc1cccc2c1-c1ccccc1C2=O,100
O=C(Nc1ccccn1)Nc1cccc2c1-c1cccn1C2=O,34
O=C(Nc1ccccn1)Nc1cccc2c1[C@@H]1CCCN1C2=O,190
C=C(O)c1ccc2n1C(=O)c1cccc(NC(=O)Nc3ccccn3)c1-2,17
O=C(Nc1cc(-c2cccs2)ccn1)Nc1cccc2c1C1CCCN1C2=O,11
O=C(Nc1ccccn1)Nc1cccc2c1[C@H]1CCCN1C2=O,42
O=C(Nc1ccn[nH]1)Nc1cccc2c1[C@H]1CCCN1C2=O,21
O=C(Nc1ccn[nH]1)Nc1cccc2c1[C@@H]1CCCN1C2=O,29
CNCc1cc(NC(=O)Nc2cccc3c2C2CCCN2C3=O)[nH]n1,290
CCCNCc1cc(NC(=O)Nc2cccc3c2C2CCCN2C3=O)[nH]n1,160
CC(C)NCc1cc(NC(=O)Nc2cccc3c2C2CCCN2C3=O)[nH]n1,130
CC(C)(C)NCc1cc(NC(=O)Nc2cccc3c2C2CCCN2C3=O)[nH]n1,56
O=C(Nc1cc(CNC2CCCC2)n[nH]1)Nc1cccc2c1C1CCCN1C2=O,65
O=C(Nc1cc(CN2CCCC2)n[nH]1)Nc1cccc2c1C1CCCN1C2=O,470
O=C(Nc1cc(CN2CCCCC2)n[nH]1)Nc1cccc2c1C1CCCN1C2=O,250
O=C(Nc1cc([C@@H]2CCCN2)n[nH]1)Nc1cccc2c1[C@H]1CCCN1C2=O,220
O=C(Nc1cc([C@@H]2CCCN2)n[nH]1)Nc1cccc2c1[C@@H]1CCCN1C2=O,210
O=C(Nc1cc(CN[C@H]2Cc3ccc(Cl)cc3C2)n[nH]1)Nc1cccc2c1[C@H]1CCCN1C2=O,1.6
O=C(Nc1cc(CN[C@H]2Cc3ccc(Cl)cc3C2)n[nH]1)Nc1cccc2c1[C@@H]1CCCN1C2=O,2.3
COC1=CC(=Nc2nccc(-c3cnn4ncccc34)n2)CC(OC)C1,19
Cc1ccc2c(-c3ccnc(Nc4ccc5c(c4)OCCO5)n3)cnn2n1,79
COc1ccc2c(-c3ccnc(Nc4ccc([N+](=O)[O-])cc4)n3)cnn2n1,100
COc1ccc2c(-c3ccnc(Nc4ccc(C#N)cc4)n3)cnn2n1,158
COc1cc(Nc2nccc(-c3cnn4ncccc34)n2)cc(C(F)(F)F)c1,199
Clc1ccc(Nc2nccc(-c3cnn4ncccc34)n2)cc1Cl,199
COc1ccc(Nc2nccc(-c3cnn4ncccc34)n2)cc1OC,199
FC(F)(F)c1cc(Br)cc(Nc2nccc(-c3cnn4ncccc34)n2)c1,251
c1cnn2ncc(-c3ccnc(Nc4ccc5c(c4)OCCCO5)n3)c2c1,316
CCC(C)c1ccc(Nc2nccc(-c3cnn4ncccc34)n2)cc1,316
COc1cc(Nc2nccc(-c3cnn4nc(C)ccc34)n2)cc(C(F)(F)F)c1,398
c1cnn2ncc(-c3ccnc(Nc4ccc5c(c4)OCO5)n3)c2c1,794
Cc1cc(C)cc(Nc2nccc(-c3cnn4ncccc34)n2)c1,1580
COc1ccc2c(-c3ccnc(Nc4ccc5c(c4)OCCO5)n3)cnn2n1,1580
CC(C)(C)c1ccc(Nc2nccc(-c3cnn4ncccc34)n2)cc1,1990
CN[C@@H]1C[C@H]2O[C@@](C)([C@@H]1OC)n1c3ccccc3c3c4c(c5c6ccccc6n2c5c31)C(=O)N[C@@H]4O,32
COc1ccc(CNc2nc(N(CCO)CCO)nc3c2ncn3C(C)C)cc1,215000
CCCCCCCCCCCc1cc(O)cc(O)c1C(=O)OC(CCC)CCCCCCCc1cc(O)cc(O)c1,6000
CC(C)n1cnc2c(Nc3cccc(Cl)c3)nc(NCCO)nc21,7100
CC(C)n1cnc2c(Nc3cccc(Cl)c3)nc(N3CC(O)CC3CO)nc21,6500
CC(C)n1cnc2c(Nc3cccc(Cl)c3)nc(N3CCNCC3)nc21,4500
CC(C)n1cnc2c(Nc3cccc(Cl)c3)nc(N3CCCC3CO)nc21,7800
CC(C)n1cnc2c(Nc3cccc(Cl)c3)nc(N3CCCCC3CO)nc21,6900
Nc1nc(Nc2ccc(S(N)(=O)=O)cc2)nc(OCC2CCCCC2)c1N=O,1500
Nc1nc(Nc2ccc(S(=O)(=O)NCCO)cc2)nc(OCC2CCCCC2)c1N=O,1300
CN[C@@H]1C[C@H]2O[C@@](C)([C@@H]1OC)n1c3ccccc3c3c4c(c5c6ccccc6n2c5c31)C(=O)NC4,9.55
CN(C)C(=O)c1cc2cnc(Nc3ccc(N4CCNCC4)cn3)nc2n1C1CCCC1,13
CN(C)C(=O)c1cc2cnc(Nc3ccc(N4CCNCC4)cc3F)nc2n1C1CCCC1,5.7
CN1CCN(c2ccc(Nc3ncc4cc(C(=O)N(C)C)n(C5CCCC5)c4n3)c(F)c2)CC1,4.7
CC(C)N1CCN(c2ccc(Nc3ncc4cc(C(=O)N(C)C)n(C5CCCC5)c4n3)c(F)c2)CC1,31
CC(=O)N1CCN(c2ccc(Nc3ncc4cc(C(=O)N(C)C)n(C5CCCC5)c4n3)c(F)c2)CC1,5.8
CN(C)C(=O)c1cc2cnc(Nc3ccc(N4CCN(C(N)=O)CC4)cc3F)nc2n1C1CCCC1,39.6
CN(C)C(=O)c1cc2cnc(Nc3ccc(N4CCN(C(=O)CO)CC4)cc3F)nc2n1C1CCCC1,24.3
CN(C)C(=O)c1cc2cnc(Nc3ccc(C=O)cc3F)nc2n1C1CCCC1,2379.4
CN(C)C(=O)c1cc2cnc(Nc3ccc(C=O)c(F)c3)nc2n1C1CCCC1,97.2
CN(C)C(=O)c1cc2cnc(Nc3ccc(C=O)c(F)c3F)nc2n1C1CCCC1,2152.7
CN(C)C(=O)c1cc2cnc(Nc3ccc(C(=O)N4CCNCC4)cc3F)nc2n1C1CCCC1,3.9
CN(C)C(=O)c1cc2cnc(Nc3ccc(C(=O)N4CCNCC4)c(F)c3F)nc2n1C1CCCC1,3.1
CCONC(=O)c1ccc(Nc2ncc3cc(C(=O)N(C)C)n(C4CCCC4)c3n2)c(F)c1,58.1
CN(C)C(=O)c1cc2cnc(Nc3ccc(C(=O)N4CCOCC4)cc3F)nc2n1C1CCCC1,17.1
CN(C)C(=O)c1cc2cnc(Nc3ccc(C(=O)N4CCCCC4)cc3F)nc2n1C1CCCC1,37.9
CN(C)C(=O)c1cc2cnc(Nc3ccc(C(=O)N4CCN(CCO)CC4)cc3F)nc2n1C1CCCC1,8.7
CNC(=O)c1ccc(Nc2ncc3cc(C(=O)N(C)C)n(C4CCCC4)c3n2)c(F)c1,55
CN(C)C(=O)c1ccc(Nc2ncc3cc(C(=O)N(C)C)n(C4CCCC4)c3n2)c(F)c1,25.7
CN(C)C(=O)c1cc2cnc(Nc3ccc(C(=O)NC4CC4)cc3F)nc2n1C1CCCC1,53.8
CN(C)C(=O)c1cc2cnc(Nc3ccc(C(=O)NC4CCCC4)cc3F)nc2n1C1CCCC1,57.1
CC(C)NC(=O)c1ccc(Nc2ncc3cc(C(=O)N(C)C)n(C4CCCC4)c3n2)c(F)c1,84.6
CN(C)C(=O)c1cc2cnc(Nc3ccc(C(=O)NC(C#N)C(N)=O)cc3F)nc2n1C1CCCC1,32.1
CN(C)C(=O)c1cc2cnc(Nc3ccc(C(=O)NC#N)cc3F)nc2n1C1CCCC1,25
CN(C)C(=O)c1cc2cnc(Nc3ccc(C(=O)N4CCN(C(N)=O)CC4)cc3F)nc2n1C1CCCC1,15.2
O=c1c(O)c(-c2ccc(O)c(O)c2)oc2cc(O)cc(O)c12,61000
c1cc2c3cnc(Nc4ccc(N5CCNCC5)cn4)nc3n(C3CCCC3)c2cn1,3.2
CN1CCN(c2ccc(Nc3ncc4c5ccncc5n(C5CCCC5)c4n3)nc2)CC1,13
c1cc2c3cnc(Nc4ccc(N5CCNCC5)cc4)nc3n(C3CCCC3)c2cn1,0.45
C[C@@H]1CN(c2ccc(Nc3ncc4c5ccncc5n(C5CCCC5)c4n3)nn2)CCN1,3.9
Cc1cc(Nc2ncc3c4ccncc4n(C4CCCC4)c3n2)cnc1N1CCNCC1,0.91
c1cc2c3cnc(Nc4ccc(N5CCNCC5)nc4)nc3n(C3CCCC3)c2cn1,1.4
C[C@H]1CN(c2ccc(Nc3ncc4c5ccncc5n(C5CCCC5)c4n3)nn2)CCN1,3.8
CC1(C)CN(c2ccc(Nc3ncc4c5ccncc5n(C5CCCC5)c4n3)nn2)CCN1,2.2
NC1CCN(c2ccc(Nc3ncc4c5ccncc5n(C5CCCC5)c4n3)nc2)CC1,3.1
CN(C)C1CCN(c2ccc(Nc3ncc4c5ccncc5n(C5CCCC5)c4n3)nc2)CC1,9.6
c1ccc(-n2c3cnccc3c3cnc(Nc4ccc(N5CCNCC5)cn4)nc32)cc1,2.2
Fc1ccc(-n2c3cnccc3c3cnc(Nc4ccc(N5CCNCC5)cn4)nc32)cc1,7.5
COc1ccc(-n2c3cnccc3c3cnc(Nc4ccc(N5CCNCC5)cn4)nc32)cc1,10
c1ccc(-n2c3cnccc3c3cnc(Nc4ccc(N5CCNCC5)cc4)nc32)cc1,0.32
O[C@@H]1CCN(c2ccc(Nc3ncc4c5ccncc5n(C5CCCC5)c4n3)nn2)C1,1.6
O[C@H]1CCN(c2ccc(Nc3ncc4c5ccncc5n(C5CCCC5)c4n3)nn2)C1,4
c1cc2c3cnc(Nc4ccc(N5CCNCC5)cn4)nc3n(C3CCOCC3)c2cn1,8.1
c1ccc2c(c1)c1cnc(Nc3ccc(N4CCNCC4)cc3)nc1n2C1CCCCC1,1
c1ccc2c(c1)c1cnc(Nc3ccc(N4CCNCC4)cn3)nc1n2C1CCCCC1,1.3
c1cc2c3cnc(Nc4ccc(N5CCNCC5)cn4)nc3n(C3CCCCC3)c2cn1,11
c1cc2c3cnc(Nc4ccc(N5CCNCC5)cn4)nc3n(C3CC4CCC3C4)c2cn1,0.94
c1ccc2c(c1)CCC2n1c2cnccc2c2cnc(Nc3ccc(N4CCNCC4)cn3)nc21,30
c1cc2c3cnc(Nc4ccc(N5CCNCC5)cn4)nc3n(C34CC5CC(CC(C5)C3)C4)c2cn1,1.6
CC(C)(C)n1c2cnccc2c2cnc(Nc3ccc(N4CCNCC4)cn3)nc21,5.5
C[C@@H](C1CCCCC1)n1c2cnccc2c2cnc(Nc3ccc(N4CCNCC4)cn3)nc21,3.9
c1cc2c3cnc(Nc4ccc(N5CCNCC5)cn4)nc3n(C3CCC3)c2cn1,4.6
OC1CCC(n2c3cnccc3c3cnc(Nc4ccc(N5CCNCC5)cn4)nc32)CC1,2.5
c1cc2c3cnc(Nc4ccc(N5CCNCC5)cn4)nc3n(CC3CCCCC3)c2cn1,13
CC1(n2c3cnccc3c3cnc(Nc4ccc(N5CCNCC5)cn4)nc32)CCC1,5.3
c1cc2c3cnc(Nc4ccc(N5CCNCC5)cn4)nc3n(C3CCCCCC3)c2cn1,11
c1cnc2c(c1)c1cnc(Nc3ccc(N4CCNCC4)cc3)nc1n2C1CCCC1,0.83
c1ccc2c(c1)c1cnc(Nc3ccc(N4CCNCC4)cn3)nc1n2C1CCCC1,4.3
c1ccc2c(c1)c1cnc(Nc3ccc(N4CCNCC4)cn3)nc1n2C1CCOCC1,2.1
c1ccc2c(c1)c1cnc(Nc3ccc(N4CCNCC4)cn3)nc1n2C1CCCCCC1,2.1
c1cc2c3cnc(Nc4ccc(N5CCNCC5)cc4)nc3n(C3CC4CCC3C4)c2cn1,4.9
OCC1(n2c3cnccc3c3cnc(Nc4ccc(N5CCNCC5)cn4)nc32)CCCC1,11
CC(C)(CO)Cn1c2cnccc2c2cnc(Nc3ccc(N4CCNCC4)cn3)nc21,73
c1ccc2c(c1)c1cnc(Nc3ccc(N4CCNCC4)cc3)nc1n2C1CCOCC1,2
c1ccc2c(c1)c1cnc(Nc3ccc(N4CCNCC4)cc3)nc1n2C1CCCC1,2
c1cc2c3cnc(Nc4ccc(N5CCCNCC5)cn4)nc3n(C3CCCC3)c2cn1,1.6
O=C(c1cnc(Nc2ncc3c4ccncc4n(C4CCCC4)c3n2)s1)N1CCNCC1,66
COc1nccc2c3cnc(Nc4ccc(N5CCNCC5)cn4)nc3n(C3CCCC3)c12,12
O=c1[nH]ccc2c3cnc(Nc4ccc(N5CCNCC5)cn4)nc3n(C3CCCC3)c12,4.7
CC1CCC(n2c3cnccc3c3cnc(Nc4ccc(N5CCNCC5)cn4)nc32)CC1,1.2
Fc1nccc2c3cnc(Nc4ccc(N5CCNCC5)cn4)nc3n(C3CCCC3)c12,2
Fc1cncc2c1c1cnc(Nc3ccc(N4CCNCC4)cn3)nc1n2C1CCCC1,5.2
c1ncc2c(n1)c1cnc(Nc3ccc(N4CCNCC4)cn3)nc1n2C1CCCC1,15
NCC1CCN(c2ccc(Nc3ncc4c5ccncc5n(C5CCCC5)c4n3)nc2)CC1,4
C[C@@H]1CN(c2ccc(Nc3ncc4c5ccncc5n(C5CCCC5)c4n3)nc2)CCN1,1.7
C[C@H]1CN(c2ccc(Nc3ncc4c5ccncc5n(C5CCCC5)c4n3)nc2)CCN1,2
c1cc2c3cnc(Nc4ccc(N[C@@H]5CCNC5)cn4)nc3n(C3CCCC3)c2cn1,3.4
c1cc2c3cnc(Nc4ccc(N[C@H]5CCNC5)cn4)nc3n(C3CCCC3)c2cn1,2.8
O=S1(=O)CCC(Nc2ccc(Nc3ncc4c5ccncc5n(C5CCCC5)c4n3)nc2)C1,9.6
O=S1(=O)CCN(c2ccc(Nc3ncc4c5ccncc5n(C5CCCC5)c4n3)nc2)CC1,5.4
NCC1CCCN(c2ccc(Nc3ncc4c5ccncc5n(C5CCCC5)c4n3)nc2)C1,1.3
CN(c1ccc(Nc2ncc3c4ccncc4n(C4CCCC4)c3n2)nc1)C1CCCNC1,4.1
c1cc2c3cnc(Nc4ccc(NC5CCNCC5)cn4)nc3n(C3CCCC3)c2cn1,17
c1cc2c3cnc(Nc4ccc(NCC5CCNC5)cn4)nc3n(C3CCCC3)c2cn1,3.6
c1cc2c3cnc(Nc4ccc(NCC5CCCNC5)cn4)nc3n(C3CCCC3)c2cn1,4.1
CC1CN(c2ccc(Nc3ncc4c5ccncc5n(C5CCCC5)c4n3)nc2)CC(C)N1,2.3
COC1CCN(c2ccc(Nc3ncc4c5ccncc5n(C5CCCC5)c4n3)nc2)C1,17
CC1CCN(c2ccc(Nc3ncc4c5ccncc5n(C5CCCC5)c4n3)nc2)C1,56
CNC1CCN(c2ccc(Nc3ncc4c5ccncc5n(C5CCCC5)c4n3)nc2)CC1,1.4
c1cc2c3cnc(Nc4ccc(N5CCC(N6CCCC6)CC5)cn4)nc3n(C3CCCC3)c2cn1,5.9
CNC1CCN(c2ccc(Nc3ncc4c5ccncc5n(C5CCCC5)c4n3)nn2)CC1,3
CN1CCN(c2cnc(Nc3ncc4c5ccncc5n(C5CCCC5)c4n3)cn2)CC1,15
CC1CN(c2cnc(Nc3ncc4c5ccncc5n(C5CCCC5)c4n3)cn2)CC(C)N1,12
C[C@@H]1CN(c2cnc(Nc3ncc4c5ccncc5n(C5CCCC5)c4n3)cn2)CCN1,3.5
C[C@H]1CN(c2cnc(Nc3ncc4c5ccncc5n(C5CCCC5)c4n3)cn2)CCN1,9.2
NC1CCN(c2cnc(Nc3ncc4c5ccncc5n(C5CCCC5)c4n3)cn2)CC1,2.6
c1cc2c3cnc(Nc4cnc(NC5CCNCC5)cn4)nc3n(C3CCCC3)c2cn1,12
c1cc2c3cnc(Nc4cnc(N5CCOCC5)cn4)nc3n(C3CCCC3)c2cn1,22
CN(C)C1CCN(c2cnc(Nc3ncc4c5ccncc5n(C5CCCC5)c4n3)cn2)CC1,20
c1cc2c3cnc(Nc4cnc(N5CCCNCC5)cn4)nc3n(C3CCCC3)c2cn1,6.4
COC1CCN(c2cnc(Nc3ncc4c5ccncc5n(C5CCCC5)c4n3)cn2)C1,43
N[C@H]1CCN(c2cnc(Nc3ncc4c5ccncc5n(C5CCCC5)c4n3)cn2)C1,7.6
N[C@@H]1CCN(c2cnc(Nc3ncc4c5ccncc5n(C5CCCC5)c4n3)cn2)C1,5.6
c1cc2c3cnc(Nc4ccc(N[C@@H]5CCNC5)nn4)nc3n(C3CCCC3)c2cn1,6.1
c1cc2c3cnc(Nc4ccc(N[C@H]5CCNC5)nn4)nc3n(C3CCCC3)c2cn1,8.8
O=S1(=O)CCC(Nc2ccc(Nc3ncc4c5ccncc5n(C5CCCC5)c4n3)nn2)C1,3.1
O=S1(=O)CCN(c2ccc(Nc3ncc4c5ccncc5n(C5CCCC5)c4n3)nn2)CC1,4.9
NCC1CCCN(c2ccc(Nc3ncc4c5ccncc5n(C5CCCC5)c4n3)nn2)C1,4.4
c1cc2c3cnc(Nc4ccc(NC5CCNCC5)nn4)nc3n(C3CCCC3)c2cn1,16.2
c1cc2c3cnc(Nc4ccc(NCC5CCNC5)nn4)nc3n(C3CCCC3)c2cn1,2.5
c1cc2c3cnc(Nc4ccc(NCC5CCCCN5)nn4)nc3n(C3CCCC3)c2cn1,4.9
c1cc2c3cnc(Nc4ccc(NCC5COCCN5)nn4)nc3n(C3CCCC3)c2cn1,6.2
NCC1CCN(c2ccc(Nc3ncc4c5ccncc5n(C5CCCC5)c4n3)nn2)CC1,4
OC1CCN(c2ccc(Nc3ncc4c5ccncc5n(C5CCCC5)c4n3)nn2)CC1,3.1
OCC1CCN(c2ccc(Nc3ncc4c5ccncc5n(C5CCCC5)c4n3)nn2)CC1,5.6
O[C@@H]1CCCN(c2ccc(Nc3ncc4c5ccncc5n(C5CCCC5)c4n3)nn2)C1,3.3
O[C@H]1CCCN(c2ccc(Nc3ncc4c5ccncc5n(C5CCCC5)c4n3)nn2)C1,6.7
c1cc2c3cnc(Nc4ccc(N5CCOCC5)nn4)nc3n(C3CCCC3)c2cn1,4
c1cc2c3cnc(Nc4ccc(N5CCCCC5)nn4)nc3n(C3CCCC3)c2cn1,8.4
N[C@H]1CCN(c2ccc(Nc3ncc4c5ccncc5n(C5CCCC5)c4n3)nn2)C1,12
N[C@@H]1CCN(c2ccc(Nc3ncc4c5ccncc5n(C5CCCC5)c4n3)nn2)C1,1.9
c1cc2c3cnc(Nc4ccc(N5CCCC5)nn4)nc3n(C3CCCC3)c2cn1,4.4
CN1CCN(c2ccc(Nc3ncc4c5ccncc5n(C5CCCC5)c4n3)nn2)CC1,5.9
CC1CN(c2ccc(Nc3ncc4c5ccncc5n(C5CCCC5)c4n3)nn2)CC(C)N1,4.2
NC1CCN(c2ccc(Nc3ncc4c5ccncc5n(C5CCCC5)c4n3)nn2)CC1,1.6
O=C1CN(c2ccc(Nc3ncc4c5ccncc5n(C5CCCC5)c4n3)nn2)CCN1,2.3
NC1CCCN(c2ccc(Nc3ncc4c5ccncc5n(C5CCCC5)c4n3)nn2)C1,2
c1cc2c3cnc(Nc4ccc(N5CCCNCC5)nn4)nc3n(C3CCCC3)c2cn1,5.5
N#CC1CCN(c2ccc(Nc3ncc4c5ccncc5n(C5CCCC5)c4n3)nn2)C1,4.2
F[C@@H]1CCN(c2ccc(Nc3ncc4c5ccncc5n(C5CCCC5)c4n3)nn2)C1,5.1
CC1CCN(c2ccc(Nc3ncc4c5ccncc5n(C5CCCC5)c4n3)nn2)C1,19
CCC1CN(c2ccc(Nc3ncc4c5ccncc5n(C5CCCC5)c4n3)nn2)CCN1,4.3
O=c1[nH]ccc2c3cnc(Nc4ccc(N5CCNCC5)nn4)nc3n(C3CCCC3)c12,8.7
CN(C)C1CCN(c2ccc(Nc3ncc4c5cc[nH]c(=O)c5n(C5CCCC5)c4n3)nc2)CC1,48.1
CC1CN(c2ccc(Nc3ncc4c5cc[nH]c(=O)c5n(C5CCCC5)c4n3)nc2)CC(C)N1,17
CC1CN(c2ccc(Nc3ncc4c5cc[nH]c(=O)c5n(C5CCCC5)c4n3)nn2)CC(C)N1,12
NC1CCN(c2ccc(Nc3ncc4c5cc[nH]c(=O)c5n(C5CCCC5)c4n3)nn2)CC1,2
CN(C)C1CCN(c2ccc(Nc3ncc4c5cc[nH]c(=O)c5n(C5CCCC5)c4n3)nn2)CC1,5.3
CN1CCN(c2ccc(Nc3ncc4c5cc[nH]c(=O)c5n(C5CCCC5)c4n3)nn2)CC1,29
C[C@H]1CN(c2ccc(Nc3ncc4c5cc[nH]c(=O)c5n(C5CCCC5)c4n3)nn2)CCN1,16
CC1(C)CN(c2ccc(Nc3ncc4c5cc[nH]c(=O)c5n(C5CCCC5)c4n3)nn2)CCN1,20
CN1CCN(c2nc(Nc3ncc4c5ccncc5n(C5CCCC5)c4n3)ns2)CC1,100
CN(C)C1CCN(c2nc(Nc3ncc4c5ccncc5n(C5CCCC5)c4n3)ns2)CC1,190
CC1(C)CN(c2ccc(Nc3ncc4c5ccncc5n(C5CCCC5)c4n3)nc2)CCN1,6.9
CCN1CCN(c2ccc(Nc3ncc4c5ccncc5n(C5CCCC5)c4n3)nn2)CC1,11
CCN1CCN(c2ccc(Nc3ncc4c5ccncc5n(C5CCCC5)c4n3)nc2)CC1,16
CCOC(=O)c1ccc(Nc2ncc3c4ccncc4n(C4CCCC4)c3n2)nc1,93
c1cc2c3cnc(Nc4ccc(CN5CCOCC5)cn4)nc3n(C3CCCC3)c2cn1,2.2
CCN(CC)C1CCN(c2ccc(Nc3ncc4c5ccncc5n(C5CCCC5)c4n3)nc2)CC1,3.4
COc1nccc2c3cnc(Nc4ccc(N5CCC(N(C)C)CC5)cn4)nc3n(C3CCCC3)c12,50
Cc1nccc2c3cnc(Nc4ccc(N5CCC(N(C)C)CC5)cn4)nc3n(C3CCCC3)c12,41
CCN(CC)C1CCN(c2ccc(Nc3ncc4c5ccnc(C)c5n(C5CCCC5)c4n3)nc2)CC1,15
CC(=O)N1CCN(c2ccc(Nc3ncc4c5ccncc5n(C5CCCC5)c4n3)nc2)CC1,17
c1cc2c3cnc(Nc4ccc(N5CCN(C6CC6)CC5)cn4)nc3n(C3CCCC3)c2cn1,11
O=C(CO)N1CCN(c2ccc(Nc3ncc4c5ccncc5n(C5CCCC5)c4n3)nc2)CC1,3
Clc1nccc2c3cnc(Nc4ccc(N5CCNCC5)cn4)nc3n(C3CCCC3)c12,2
CN(C)C1CCN(c2ccc(Nc3ncc4c5ccnc(Cl)c5n(C5CCCC5)c4n3)nc2)CC1,1
CN(C)C1CCN(c2ccc(Nc3ncc4c5ccnc(Cl)c5n(C5CCCC5)c4n3)nn2)CC1,20
Cc1nc(Nc2ncc3c4ccnc(Cl)c4n(C4CCCC4)c3n2)ccc1N1CCNCC1,4.1
CCC(C)(C)n1c2cnccc2c2cnc(Nc3ccc(N4CCC(N(C)C)CC4)nn3)nc21,7
CCC(C)(C)n1c2cnccc2c2cnc(Nc3ccc(N4CCNCC4)cn3)nc21,30
CN(C)C1CC2CCC(C1)N2c1ccc(Nc2ncc3c4ccncc4n(C4CCCC4)c3n2)nc1,5.4
CC(C)n1c2cnccc2c2cnc(Nc3ccc(N4CCNCC4)cn3)nc21,3
CCC(CC)n1c2cnccc2c2cnc(Nc3ccc(N4CCC(N(C)C)CC4)nn3)nc21,17
c1cc2c3cnc(Nc4nc(CN5CCNCC5)cs4)nc3n(C3CCCC3)c2cn1,3.6
O[C@H]1CCN(Cc2csc(Nc3ncc4c5ccncc5n(C5CCCC5)c4n3)n2)C1,8.5
OCCN1CCN(c2ccc(Nc3ncc4c5ccnc(Cl)c5n(C5CCCC5)c4n3)nc2)CC1,5.5
FC(F)(F)C1CN(c2ccc(Nc3ncc4c5ccncc5n(C5CCCC5)c4n3)nc2)CCN1,11
OCCN1CCN(c2ccc(Nc3ncc4c5ccnc(F)c5n(C5CCCC5)c4n3)nc2)CC1,2.5
Cc1nc(Nc2ncc3c4ccnc(F)c4n(C4CCCC4)c3n2)ccc1N1CCNCC1,19
CC(C)(O)CN1CCN(c2ccc(Nc3ncc4c5ccnc(F)c5n(C5CCCC5)c4n3)nc2)CC1,5.6
N#CCC1CCN(c2ccc(Nc3ncc4c5ccnc(F)c5n(C5CCCC5)c4n3)nc2)CC1,56
COC(=O)CC1CCN(c2ccc(Nc3ncc4c5ccnc(F)c5n(C5CCCC5)c4n3)nc2)CC1,33
O=C(O)CC1CCN(c2ccc(Nc3ncc4c5ccnc(F)c5n(C5CCCC5)c4n3)nc2)CC1,37
C[C@H]1CNCCN1c1ccc(Nc2ncc3c4ccnc(F)c4n(C4CCCC4)c3n2)nc1,5
C[C@@H]1CN(c2ccc(Nc3ncc4c5ccnc(F)c5n(C5CCCC5)c4n3)nc2)CCN1,5
C[C@H]1CN(c2ccc(Nc3ncc4c5ccnc(F)c5n(C5CCCC5)c4n3)nc2)CCN1,3.4
C[C@@H]1CNCCN1c1ccc(Nc2ncc3c4ccnc(F)c4n(C4CCCC4)c3n2)nc1,2
O[C@H]1CCN(Cc2csc(Nc3ncc4c5ccnc(F)c5n(C5CCCC5)c4n3)n2)C1,15
COc1ccc2c3cnc(Nc4ccc(N5CCNCC5)cn4)nc3n(C3CCCC3)c2n1,113
Oc1ccc2c3cnc(Nc4ccc(N5CCNCC5)cn4)nc3n(C3CCCC3)c2n1,142
Cn1c(=O)ccc2c3cnc(Nc4ccc(N5CCNCC5)cn4)nc3n(C3CCCC3)c21,8.6
Cn1c(=O)ccc2c3cnc(Nc4ccc(N5CC[C@@H](O)C5)cn4)nc3n(C3CCCC3)c21,145
OCC1CCN(c2ccc(Nc3ncc4c5ccnc(F)c5n(C5CCCC5)c4n3)nc2)CC1,2.9
N#Cc1nccc2c3cnc(Nc4ccc(N5CCNCC5)cn4)nc3n(C3CCCC3)c12,27
CC1CN(c2ccc(Nc3ncc4c5ccnc(F)c5n(C5CCCC5)c4n3)nc2)CC(C)N1,20
OCCC1CCN(c2ccc(Nc3ncc4c5ccnc(F)c5n(C5CCCC5)c4n3)nc2)CC1,6.4
OCCN1CCN(c2ccc(Nc3ncc4c5ccncc5n(C5CCCC5)c4n3)nc2)CC1,4.4
COC(=O)N1CCN(c2ccc(Nc3ncc4c5ccnc(F)c5n(C5CCCC5)c4n3)nc2)CC1,26.2
CN(C)CC(=O)N1CCN(c2ccc(Nc3ncc4c5ccnc(F)c5n(C5CCCC5)c4n3)nc2)CC1,68
CC(=O)OCC(=O)N1CCN(c2ccc(Nc3ncc4c5ccnc(F)c5n(C5CCCC5)c4n3)nc2)CC1,600
CN(CCO)C1CCN(c2ccc(Nc3ncc4c5ccnc(F)c5n(C5CCCC5)c4n3)nc2)CC1,13
OC[C@@H]1CN(c2ccc(Nc3ncc4c5ccnc(F)c5n(C5CCCC5)c4n3)nc2)CCN1,4.5
c1cc2c3cnc(Nc4ccc(N5CCNCC5)cn4)nc3n(C3CCCC3)c2nn1,36
c1cc2c3cnc(Nc4ccc(N5CCC(N6CCCC6)CC5)cn4)nc3n(C3CCCC3)c2nn1,26
COc1cc2c3cnc(Nc4ccc(N5CCNCC5)cn4)nc3n(C3CCCC3)c2nn1,141
CC1(C)CCC(n2c3cnccc3c3cnc(Nc4ccc(N5CCNCC5)cn4)nc32)CC1,3.5
CN(C)C1CCN(c2ccc(Nc3ncc4c5ccncc5n(C5CCC(C)(C)CC5)c4n3)cn2)CC1,2.6
CC1(C)CCC(n2c3cnccc3c3cnc(Nc4ccc(N5CCC(N6CCCC6)CC5)cn4)nc32)CC1,14
COc1nccc2c3cnc(Nc4ccc(N5CCNCC5)cn4)nc3n(C3CCC(C)(C)CC3)c12,10
CC1(C)CCC(n2c3nc(Nc4ccc(N5CCNCC5)cn4)ncc3c3ccnc(O)c32)CC1,1.8
COc1nccc2c3cnc(Nc4ccc(N5CCC(N6CCCC6)CC5)cn4)nc3n(C3CCC(C)(C)CC3)c12,11
CC1(C)CCC(n2c3nc(Nc4ccc(N5CCC(N6CCCC6)CC5)cn4)ncc3c3ccnc(O)c32)CC1,6.6
CN(C)C1CCN(c2ccc(Nc3ncc4c5ccnc(O)c5n(C5CCC(C)(C)CC5)c4n3)nn2)CC1,9.8
Oc1nccc2c3cnc(Nc4ccc(CN5CCNCC5)cn4)nc3n(C3CCCC3)c12,14
OC1CCN(Cc2ccc(Nc3ncc4c5ccncc5n(C5CCCC5)c4n3)nc2)CC1,4.4
OC1CCCN(Cc2ccc(Nc3ncc4c5ccncc5n(C5CCCC5)c4n3)nc2)C1,10
CCOC(=O)CN1CCN(c2ccc(Nc3ncc4c5ccncc5n(C5CCCC5)c4n3)nn2)CC1,3.6
O=C(O)CN1CCN(c2ccc(Nc3ncc4c5ccncc5n(C5CCCC5)c4n3)nn2)CC1,1.39
CCOC(=O)CN1CCN(Cc2ccc(Nc3ncc4c5ccncc5n(C5CCCC5)c4n3)nc2)CC1,5.3
O=C(O)CN1CCN(Cc2ccc(Nc3ncc4c5ccncc5n(C5CCCC5)c4n3)nc2)CC1,1
O=C(c1ccc(Nc2ncc3c4ccncc4n(C4CCCC4)c3n2)nc1)N1CCNCC1,1.4
O=C(c1ccc(Nc2ncc3c4ccnc(F)c4n(C4CCCC4)c3n2)nc1)N1CCNCC1,6
O=C(c1ccc(Nc2ncc3c4ccnc(O)c4n(C4CCCC4)c3n2)nc1)N1CCNCC1,13
O=C(O)c1ccc(Nc2ncc3c4ccnc(O)c4n(C4CCCC4)c3n2)nc1,520
O=C1CN(Cc2ccc(Nc3ncc4c5ccncc5n(C5CCCC5)c4n3)nc2)CCN1,4
O=C1CNCCN1Cc1ccc(Nc2ncc3c4ccncc4n(C4CCCC4)c3n2)nc1,3.2
O=S(=O)(c1ccc(Nc2ncc3c4ccncc4n(C4CCCC4)c3n2)nc1)N1CCNCC1,3
O=S(=O)(c1ccc(Nc2ncc3c4ccnc(F)c4n(C4CCCC4)c3n2)nc1)N1CCNCC1,15
CN(C)C1CCN(S(=O)(=O)c2ccc(Nc3ncc4c5ccncc5n(C5CCCC5)c4n3)nc2)CC1,21.2
CN(C)C1CCN(C(=O)c2ccc(Nc3ncc4c5ccncc5n(C5CCCC5)c4n3)nc2)CC1,16
c1cc2c3cnc(Nc4ccc(N5CCC6(CCCN6)CC5)cn4)nc3n(C3CCCC3)c2cn1,3.3
c1cc2c3cnc(Nc4ccc(N5CCC6(CCCN6)CC5)nn4)nc3n(C3CCCC3)c2cn1,7.2
c1ccc(-n2c3cnccc3c3cnc(Nc4ccc(N5CCNCC5)cn4)cc32)cc1,4.6
FC(F)(F)c1cccc(-n2c3cnccc3c3cnc(Nc4ccc(N5CCNCC5)cn4)cc32)c1,15
c1csc(Cn2c3cnccc3c3cnc(Nc4ccc(N5CCNCC5)cn4)cc32)c1,49
O=C(O)Cc1ccc(-n2c3cnccc3c3cnc(Nc4ccc(N5CCNCC5)cn4)cc32)cc1,35
c1cc2c3cnc(Nc4ccc(N5CCNCC5)cn4)cc3n(C3CCSC3)c2cn1,6.8
c1cc2c3cnc(Nc4ccc(N5CCNCC5)cn4)cc3n(C3CCCCC3)c2cn1,4.4
O=C(O)Cc1ccc(Nc2ncc3c4ccncc4n(C4CCCC4)c3n2)nc1,177
CN(C)C1CCN(C(=O)Cc2ccc(Nc3ncc4c5ccncc5n(C5CCCC5)c4n3)nc2)CC1,7
O=C(Cc1ccc(Nc2ncc3c4ccncc4n(C4CCCC4)c3n2)nc1)N1CCOCC1,11
O=C(Cc1ccc(Nc2ncc3c4ccncc4n(C4CCCC4)c3n2)nc1)N1CCNCC1,7.4
c1cc2c3cnc(Nc4ccc(N5CCNC6(CCCC6)C5)nn4)nc3n(C3CCCC3)c2cn1,3.4
c1cc2c3cnc(Nc4ccc(N5CCNC6(CCCCC6)C5)nn4)nc3n(C3CCCC3)c2cn1,18
c1cc2c3cnc(Nc4ccc(N5CCC6(CC5)COCCN6)nn4)nc3n(C3CCCC3)c2cn1,4.4
O=C1COC2(CCN(c3ccc(Nc4ncc5c6ccncc6n(C6CCCC6)c5n4)nn3)CC2)CN1,16
CN1CCOC2(CCN(c3ccc(Nc4ncc5c6ccncc6n(C6CCCC6)c5n4)nn3)CC2)C1,3.2
C[C@@H]1CN(c2ccc(Nc3ncc4c5ccnc(F)c5n(C5CCCC5)c4n3)nn2)CCN1,3.9
C1=CCN(c2ccc(Nc3ncc4c5ccncc5n(C5CCCC5)c4n3)nn2)CC1,22
C1=C(c2ccc(Nc3ncc4c5ccncc5n(C5CCCC5)c4n3)nn2)CCNC1,5.6
C1=C(c2ccc(Nc3ncc4c5ccncc5n(C5CCCC5)c4n3)nc2)CCNC1,1.3
c1cc2c3cnc(Nc4ccc(C5CCNCC5)cn4)nc3n(C3CCCC3)c2cn1,7
c1cc(-c2ccc(Nc3ncc4c5ccncc5n(C5CCCC5)c4n3)nn2)ccn1,49
c1cc(-c2ccc(Nc3ncc4c5ccncc5n(C5CCCC5)c4n3)nc2)ccn1,45
COc1ccc(-c2ccc(Nc3ncc4c5ccncc5n(C5CCCC5)c4n3)nn2)cn1,233
COc1cc(-c2ccc(Nc3ncc4c5ccncc5n(C5CCCC5)c4n3)nn2)ccn1,32
O=S1(=O)CCC(O)(c2ccc(Nc3ncc4c5ccncc5n(C5CCCC5)c4n3)nc2)CC1,14
Oc1cc(-c2ccc(Nc3ncc4c5ccncc5n(C5CCCC5)c4n3)nn2)ccn1,9.3
Oc1ccc(-c2ccc(Nc3ncc4c5ccncc5n(C5CCCC5)c4n3)nn2)cn1,3.1
c1cncc(-c2ccc(Nc3ncc4c5ccncc5n(C5CCCC5)c4n3)nn2)c1,73
c1cc2c3cnc(Nc4ccc(OC5CCNCC5)nn4)nc3n(C3CCCC3)c2cn1,11
Fc1nccc2c3cnc(Nc4ccc(OC5CCNCC5)nn4)nc3n(C3CCCC3)c12,35
O=S1(=O)CCC(c2ccc(Nc3ncc4c5ccncc5n(C5CCCC5)c4n3)nc2)CC1,40
O=S1(=O)CC=C(c2ccc(Nc3ncc4c5ccnc(F)c5n(C5CCCC5)c4n3)nc2)CC1,16
NC1[C@@H]2CN(c3ccc(Nc4ncc5c6ccncc6n(C6CCCC6)c5n4)nn3)C[C@H]12,27
COCC(C)(C)n1c2cnccc2c2cnc(Nc3ccc(N4CCC(N(C)C)CC4)cn3)nc21,19
CN(C)C1CCN(c2ccc(Nc3ncc4c5ccncc5n(C5CCSCC5)c4n3)nn2)CC1,17
CN(C)C1CCN(c2ccc(Nc3ncc4c5ccncc5n(C5CCSCC5)c4n3)nc2)CC1,96
CCN(CC)C1CCN(c2ccc(Nc3ncc4c5ccnc(F)c5n(C5CCCC5)c4n3)nn2)CC1,18
CCN(CC)C1CCN(c2ccc(Nc3ncc4c5ccnc(F)c5n(C5CCCC5)c4n3)nc2)CC1,4.6
CN(C)C1CCN(c2ccc(Nc3ncc4c5ccncc5n(C5CCS(=O)(=O)CC5)c4n3)nn2)CC1,590
CN(C)C1CCN(c2ccc(Nc3ncc4c5ccncc5n(C5CCS(=O)(=O)CC5)c4n3)nc2)CC1,59
CCN(CC)C1CCN(c2ccc(Nc3ncc4c5ccnnc5n(C5CCCC5)c4n3)nc2)CC1,11
CCN(CC)C1CCN(c2ccc(Nc3ncc4c5ccnc(O)c5n(C5CCCC5)c4n3)nn2)CC1,2.8
CCN(CC)C1CCN(c2ccc(Nc3ncc4c5ccnc(OC)c5n(C5CCCC5)c4n3)nn2)CC1,11
CCN(CC)C1CCN(c2ccc(Nc3ncc4c5ccnc(O)c5n(C5CCCC5)c4n3)nc2)CC1,5
CCN(CC)C1CCN(c2ccc(Nc3ncc4c5ccnc(OC)c5n(C5CCCC5)c4n3)nc2)CC1,2.6
CN(C)[C@H]1CCN(c2ccc(Nc3ncc4c5ccncc5n(C5CCCC5)c4n3)nc2)C1,14
CN(C)[C@@H]1CCN(c2ccc(Nc3ncc4c5ccncc5n(C5CCCC5)c4n3)nc2)C1,7.2
CN(C)CCCN(C)c1ccc(Nc2ncc3c4ccncc4n(C4CCCC4)c3n2)nn1,35
CN(CCO)c1ccc(Nc2ncc3c4ccncc4n(C4CCCC4)c3n2)nn1,3.9
OCCNc1ccc(Nc2ncc3c4ccncc4n(C4CCCC4)c3n2)nn1,4.9
C[C@@H](O)CNc1ccc(Nc2ncc3c4ccncc4n(C4CCCC4)c3n2)nn1,4.6
C[C@H](O)CNc1ccc(Nc2ncc3c4ccncc4n(C4CCCC4)c3n2)nn1,5.9
C[C@H](CO)Nc1ccc(Nc2ncc3c4ccncc4n(C4CCCC4)c3n2)nn1,6.8
C[C@@H](CO)Nc1ccc(Nc2ncc3c4ccncc4n(C4CCCC4)c3n2)nn1,5.5
OCCCNc1ccc(Nc2ncc3c4ccncc4n(C4CCCC4)c3n2)nn1,1.4
CN1CCN(c2ccc(Nc3ncc4c5ccccc5n(C5CCCC5)c4n3)nc2)CC1,40
CC1(C)CN(c2ccc(Nc3ncc4c5ccccc5n(C5CCCC5)c4n3)nn2)CCN1,60
CN(C)C1CCN(c2ccc(Nc3ncc4c5ccccc5n(C5CCCC5)c4n3)nn2)CC1,22
CN1CCN(c2ccc(Nc3ncc4c5ccccc5n(C5CCCC5)c4n3)nn2)CC1,31
C[C@H]1CN(c2ccc(Nc3ncc4c5ccccc5n(C5CCCC5)c4n3)nn2)CCN1,47
CC1CN(c2ccc(Nc3ncc4c5ccccc5n(C5CCCC5)c4n3)nc2)CC(C)N1,31
O[C@@H]1CCN(c2ccc(Nc3ncc4c5ccccc5n(C5CCCC5)c4n3)nc2)C1,46
O[C@H]1CCN(c2ccc(Nc3ncc4c5ccccc5n(C5CCCC5)c4n3)nc2)C1,149
CC1CN(c2ccc(Nc3ncc4c5ccccc5n(C5CCCC5)c4n3)nn2)CC(C)N1,13
c1ccc2c(c1)c1cnc(Nc3ccc(N4CCNCC4)nn3)nc1n2C1CCCC1,11
NC1CCN(c2ccc(Nc3ncc4c5ccccc5n(C5CCCC5)c4n3)nn2)CC1,11
CN(C)C1CCN(c2ccc(Nc3ncc4c5ccccc5n(C5CCCC5)c4n3)nc2)CC1,11
CNC1CCN(c2ccc(Nc3ncc4c5ccnc(F)c5n(C5CCCC5)c4n3)nc2)CC1,5
O[C@H]1CCN(c2ccc(Nc3ncc4c5ccnc(F)c5n(C5CCCC5)c4n3)nn2)C1,8.6
COCCn1c2cnccc2c2cnc(Nc3ccc(N4CCNCC4)nn3)nc21,340
COCCn1c2cnccc2c2cnc(Nc3ccc(N4CCC(N(C)C)CC4)cn3)nc21,380
COCCn1c2cnccc2c2cnc(Nc3ccc(N4CCC(N(C)C)CC4)nn3)nc21,1380
CC[C@@H](C)n1c2cnccc2c2cnc(Nc3ccc(N4CCC(N(C)C)CC4)nn3)nc21,36
CC[C@@H](C)n1c2cnccc2c2cnc(Nc3ccc(N4CCN[C@@H](C)C4)nn3)nc21,12
CC[C@@H](C)n1c2cnccc2c2cnc(Nc3ccc(N4CC[C@@H](O)C4)nn3)nc21,22
CC[C@@H](C)n1c2cnccc2c2cnc(Nc3ccc(N4CCNCC4)cn3)nc21,3.6
CC[C@@H](C)n1c2cnccc2c2cnc(Nc3ccc(N4CCN[C@@H](C)C4)cn3)nc21,7
CC[C@@H](C)n1c2cnccc2c2cnc(Nc3ccc(N4CC[C@@H](O)C4)cn3)nc21,15
CC[C@@H](C)n1c2cnccc2c2cnc(Nc3ccc(N4CCNCC4)nn3)nc21,9.6
CC[C@@H](C)n1c2cnccc2c2cnc(Nc3ccc(N4CCNC(C)(C)C4)nn3)nc21,11
CC[C@@H](C)n1c2cnccc2c2cnc(Nc3ccc(N4CCC(NC)CC4)cn3)nc21,11
CC[C@H](C)n1c2cnccc2c2cnc(Nc3ccc(N4CCNC(C)(C)C4)cn3)nc21,51
CC[C@H](C)n1c2cnccc2c2cnc(Nc3ccc(N4CCNC(C)(C)C4)nn3)nc21,16
CC[C@H](C)n1c2cnccc2c2cnc(Nc3ccc(N4CC[C@@H](O)C4)nn3)nc21,22
CC1(C)CN(c2ccc(Nc3ncc4c5ccncc5n([C@@H]5CCNC5)c4n3)nc2)CCN1,302
C[C@H]1CN(c2ccc(Nc3ncc4c5ccncc5n([C@@H]5CCNC5)c4n3)nc2)CCN1,300
CNC1CCN(c2ccc(Nc3ncc4c5ccncc5n([C@@H]5CCNC5)c4n3)nc2)CC1,370
CN(C)C1CCN(c2ccc(Nc3ncc4c5ccncc5n(C5CCC5)c4n3)nc2)CC1,21
CC[C@@H](C)n1c2cnccc2c2cnc(Nc3ccc(N4CCNC(C)(C)C4)cn3)nc21,87
CNC1CCN(c2ccc(Nc3ncc4c5ccncc5n(C5CCC5)c4n3)nc2)CC1,21
c1cc2c3cnc(Nc4ccc(N5CCNCC5)nn4)nc3n(C3CCC3)c2cn1,54
CN(C)C1CCN(c2ccc(Nc3ncc4c5ccncc5n(C5CCC5)c4n3)nn2)CC1,27
CC1(C)CN(c2ccc(Nc3ncc4c5ccncc5n(C5CCC5)c4n3)nn2)CCN1,17
CN(C)C1CCN(c2ccc(Nc3ncc4c5ccncc5n([C@@H]5CCNC5)c4n3)nc2)CC1,144
CN(C)C1CCN(c2ccc(Nc3ncc4c5ccncc5n(CCCO)c4n3)nc2)CC1,74
C[C@H]1CN(c2ccc(Nc3ncc4c5ccncc5n(CCCO)c4n3)nc2)CCN1,80
OCCCn1c2cnccc2c2cnc(Nc3ccc(N4CCNCC4)nn3)nc21,146
OCCCn1c2cnccc2c2cnc(Nc3ccc(N4CC[C@@H](O)C4)nn3)nc21,90
CN(C)C1CCN(c2ccc(Nc3ncc4c5ccncc5n([C@H]5CCC[C@H]5O)c4n3)nn2)CC1,177
C[C@@H](O)Cn1c2cnccc2c2cnc(Nc3ccc(N4CCNCC4)cn3)nc21,360
C[C@@H](O)Cn1c2cnccc2c2cnc(Nc3ccc(N4CCC(N(C)C)CC4)cn3)nc21,294
C[C@@H](O)Cn1c2cnccc2c2cnc(Nc3ccc(N4CC[C@@H](O)C4)cn3)nc21,470
C[C@H]1CN(c2ccc(Nc3ncc4c5ccncc5n([C@H]5CCC[C@H]5O)c4n3)nc2)CCN1,71
CC1(C)CN(c2ccc(Nc3ncc4c5ccncc5n([C@H]5CCC[C@H]5O)c4n3)nc2)CCN1,66
O[C@@H]1CCC[C@@H]1n1c2cnccc2c2cnc(Nc3ccc(N4CCNCC4)cn3)nc21,44
O[C@@H]1CCC[C@@H]1n1c2cnccc2c2cnc(Nc3ccc(N4CCNCC4)nn3)nc21,162
C[C@H]1CN(c2ccc(Nc3ncc4c5ccncc5n([C@H]5CCC[C@H]5O)c4n3)nn2)CCN1,211
CNC1CCN(c2ccc(Nc3ncc4c5ccncc5n([C@H]5CCC[C@H]5O)c4n3)nn2)CC1,258
CC1(C)CN(c2ccc(Nc3ncc4c5ccncc5n([C@H]5CCC[C@H]5O)c4n3)nn2)CCN1,159
O[C@@H]1CCN(c2ccc(Nc3ncc4c5ccncc5n([C@H]5CCC[C@H]5O)c4n3)nn2)C1,330
CNC1CCN(c2ccc(Nc3ncc4c5ccncc5n([C@@H](C)CO)c4n3)nc2)CC1,350
C[C@@H](CO)n1c2cnccc2c2cnc(Nc3ccc(N4CC[C@@H](O)C4)cn3)nc21,284
C[C@@H](CO)n1c2cnccc2c2cnc(Nc3ccc(N4CCNCC4)cn3)nc21,45
C[C@@H](CO)n1c2cnccc2c2cnc(Nc3ccc(N4CCC(N(C)C)CC4)cn3)nc21,161
O[C@@H]1CCN(c2ccc(Nc3ncc4c5ccncc5n([C@H]5CCC[C@H]5O)c4n3)nc2)C1,123
C[C@@H](CO)n1c2cnccc2c2cnc(Nc3ccc(N4CCC(N(C)C)CC4)nn3)nc21,129
CNC1CCN(c2ccc(Nc3ncc4c5ccncc5n([C@@H](C)CO)c4n3)nn2)CC1,45
C[C@@H](CO)n1c2cnccc2c2cnc(Nc3ccc(N4CC[C@@H](O)C4)nn3)nc21,86
C[C@H](CO)n1c2cnccc2c2cnc(Nc3ccc(N4CCNCC4)cn3)nc21,40
C[C@H](CO)n1c2cnccc2c2cnc(Nc3ccc(N4CCC(N(C)C)CC4)cn3)nc21,50
C[C@H]1CN(c2ccc(Nc3ncc4c5ccncc5n([C@@H](C)CO)c4n3)nn2)CCN1,73
C[C@@H](CO)n1c2cnccc2c2cnc(Nc3ccc(N4CCNC(C)(C)C4)cn3)nc21,85
CNC1CCN(c2ccc(Nc3ncc4c5ccncc5n([C@H](C)CO)c4n3)nc2)CC1,261
C[C@H](CO)n1c2cnccc2c2cnc(Nc3ccc(N4CC[C@@H](O)C4)cn3)nc21,152
C[C@H](CO)n1c2cnccc2c2cnc(Nc3ccc(N4CCNC(C)(C)C4)cn3)nc21,62
C[C@H](CO)n1c2cnccc2c2cnc(Nc3ccc(N4CCNCC4)nn3)nc21,143
C[C@H](CO)n1c2cnccc2c2cnc(Nc3ccc(N4CCC(N(C)C)CC4)nn3)nc21,216
CNC1CCN(c2ccc(Nc3ncc4c5ccncc5n([C@H](C)CO)c4n3)nn2)CC1,53
C[C@H]1CN(c2ccc(Nc3ncc4c5ccncc5n([C@H](C)CO)c4n3)nn2)CCN1,227
C[C@H](CO)n1c2cnccc2c2cnc(Nc3ccc(N4CCNC(C)(C)C4)nn3)nc21,218
C[C@H](CO)n1c2cnccc2c2cnc(Nc3ccc(N4CC[C@@H](O)C4)nn3)nc21,166
CN(C)C1CCN(c2ccc(Nc3ncc4c5ccncc5n([C@@H]5CCOC5)c4n3)nc2)CC1,32
CN(C)C1CCN(c2ccc(Nc3ncc4c5ccncc5n([C@@H]5CCOC5)c4n3)nn2)CC1,184
O[C@@H]1CCN(c2ccc(Nc3ncc4c5ccncc5n([C@@H]5CCOC5)c4n3)nn2)C1,219
CNC1CCN(c2ccc(Nc3ncc4c5ccncc5n([C@H]5CCC[C@H]5O)c4n3)nc2)CC1,300
CN(C)C1CCN(c2ccc(Nc3ncc4c5ccncc5n([C@H]5CCOC5)c4n3)nn2)CC1,300
O[C@@H]1CCN(c2ccc(Nc3ncc4c5ccncc5n([C@H]5CCOC5)c4n3)nc2)C1,238
O[C@@H]1CCN(c2ccc(Nc3ncc4c5ccncc5n([C@H]5CCOC5)c4n3)nn2)C1,340
CN(C)C1CCN(c2ccc(Nc3ncc4c5ccncc5n([C@H]5CCC[C@@H]5O)c4n3)nc2)CC1,57
CNC1CCN(c2ccc(Nc3ncc4c5ccncc5n([C@H]5CCC[C@@H]5O)c4n3)nc2)CC1,301
C[C@H]1CN(c2ccc(Nc3ncc4c5ccncc5n([C@H]5CCC[C@@H]5O)c4n3)nc2)CCN1,170
CC1(C)CN(c2ccc(Nc3ncc4c5ccncc5n([C@H]5CCC[C@@H]5O)c4n3)nc2)CCN1,175
O[C@H]1CCC[C@@H]1n1c2cnccc2c2cnc(Nc3ccc(N4CC[C@@H](O)C4)cn3)nc21,350
C[C@H]1CN(c2ccc(Nc3ncc4c5ccncc5n([C@H]5CCC[C@@H]5O)c4n3)nn2)CCN1,35
O[C@H]1CCC[C@@H]1n1c2cnccc2c2cnc(Nc3ccc(N4CC[C@@H](O)C4)nn3)nc21,44
C[C@H](O)Cn1c2cnccc2c2cnc(Nc3ccc(N4CCNCC4)nn3)nc21,281
C[C@H](O)Cn1c2cnccc2c2cnc(Nc3ccc(N4CCC(N(C)C)CC4)nn3)nc21,240
C[C@H](O)Cn1c2cnccc2c2cnc(Nc3ccc(N4CCNC(C)(C)C4)nn3)nc21,33
C[C@@H](O)Cn1c2cnccc2c2cnc(Nc3ccc(N4CCNCC4)nn3)nc21,259
C[C@@H](O)Cn1c2cnccc2c2cnc(Nc3ccc(N4CCC(N(C)C)CC4)nn3)nc21,271
CNC1CCN(c2ccc(Nc3ncc4c5ccncc5n(C[C@@H](C)O)c4n3)nn2)CC1,151
C[C@@H](O)Cn1c2cnccc2c2cnc(Nc3ccc(N4CCNC(C)(C)C4)nn3)nc21,112
C[C@@H](O)Cn1c2cnccc2c2cnc(Nc3ccc(N4CC[C@@H](O)C4)nn3)nc21,162
OCCn1c2cnccc2c2cnc(Nc3ccc(N4CCNCC4)nn3)nc21,80
C[C@H](O)Cn1c2cnccc2c2cnc(Nc3ccc(N4CCNCC4)cn3)nc21,77
C[C@H](O)Cn1c2cnccc2c2cnc(Nc3ccc(N4CCC(N(C)C)CC4)cn3)nc21,69
C[C@H](O)Cn1c2cnccc2c2cnc(Nc3ccc(N4CCN[C@@H](C)C4)cn3)nc21,75
C[C@H](O)Cn1c2cnccc2c2cnc(Nc3ccc(N4CC[C@@H](O)C4)cn3)nc21,72
CNC1CCN(c2ccc(Nc3ncc4c5ccncc5n(C[C@@H](C)O)c4n3)nc2)CC1,73
C[C@@H](O)Cn1c2cnccc2c2cnc(Nc3ccc(N4CCNC(C)(C)C4)cn3)nc21,115
c1cc2c3cnc(Nc4ccc(N5CCNCC5)nn4)nc3n([C@@H]3CCOC3)c2cn1,24
CNC1CCN(c2ccc(Nc3ncc4c5ccncc5n([C@@H]5CCOC5)c4n3)nn2)CC1,59
C[C@H]1CN(c2ccc(Nc3ncc4c5ccncc5n([C@@H]5CCOC5)c4n3)nn2)CCN1,92
CC1(C)CN(c2ccc(Nc3ncc4c5ccncc5n([C@@H]5CCOC5)c4n3)nn2)CCN1,21
CNC1CCN(c2ccc(Nc3ncc4c5ccncc5n([C@@H]5CCOC5)c4n3)nc2)CC1,12
CC1(C)CN(c2ccc(Nc3ncc4c5ccncc5n([C@@H]5CCOC5)c4n3)nc2)CCN1,17
CNC1CCN(c2ccc(Nc3ncc4c5ccncc5n(C5CCC5)c4n3)nn2)CC1,13
O[C@@H]1CCN(c2ccc(Nc3ncc4c5ccncc5n(C5CCC5)c4n3)nc2)C1,42
C[C@H](CO)NC1CCN(c2ccc(Nc3ncc4c5ccncc5n(C5CCCC5)c4n3)nc2)CC1,13
c1cc2c3cnc(Nc4ccc(N5CCC(N6CCCC6)CC5)nn4)nc3n(C3CCCC3)c2cn1,23
OCCNC1CCN(c2ccc(Nc3ncc4c5ccncc5n(C5CCCC5)c4n3)nn2)CC1,4.2
C[C@H](O)CNC1CCN(c2ccc(Nc3ncc4c5ccncc5n(C5CCCC5)c4n3)nn2)CC1,3.7
CN(CCO)C1CCN(c2ccc(Nc3ncc4c5ccncc5n(C5CCCC5)c4n3)nn2)CC1,5.8
C[C@@H](O)CNC1CCN(c2ccc(Nc3ncc4c5ccncc5n(C5CCCC5)c4n3)nn2)CC1,1.7
C[C@@H](CO)NC1CCN(c2ccc(Nc3ncc4c5ccncc5n(C5CCCC5)c4n3)nn2)CC1,1.5
CNCCN(C)C1CCN(c2ccc(Nc3ncc4c5ccncc5n(C5CCCC5)c4n3)nn2)CC1,4.8
C[C@H](CO)NC1CCN(c2ccc(Nc3ncc4c5ccncc5n(C5CCCC5)c4n3)nn2)CC1,1.9
OCC(CO)NC1CCN(c2ccc(Nc3ncc4c5ccncc5n(C5CCCC5)c4n3)nn2)CC1,2.2
OC[C@H](O)CNC1CCN(c2ccc(Nc3ncc4c5ccncc5n(C5CCCC5)c4n3)nn2)CC1,1.3
c1cc2c3cnc(Nc4ccc(N5CCC(N6CCOCC6)CC5)nn4)nc3n(C3CCCC3)c2cn1,2.8
OC1CN(C2CCN(c3ccc(Nc4ncc5c6ccncc6n(C6CCCC6)c5n4)nn3)CC2)C1,10
O[C@@H]1CCN(C2CCN(c3ccc(Nc4ncc5c6ccncc6n(C6CCCC6)c5n4)nn3)CC2)C1,12
O[C@H]1CCN(C2CCN(c3ccc(Nc4ncc5c6ccncc6n(C6CCCC6)c5n4)nn3)CC2)C1,10
O[C@@H]1CCCN(C2CCN(c3ccc(Nc4ncc5c6ccncc6n(C6CCCC6)c5n4)nn3)CC2)C1,13
O[C@H]1CCCN(C2CCN(c3ccc(Nc4ncc5c6ccncc6n(C6CCCC6)c5n4)nn3)CC2)C1,7
OCCCNC1CCN(c2ccc(Nc3ncc4c5ccncc5n(C5CCCC5)c4n3)nn2)CC1,4.6
CCN(CCO)C1CCN(c2ccc(Nc3ncc4c5ccncc5n(C5CCCC5)c4n3)nn2)CC1,5.2
OC1CCN(C2CCN(c3ccc(Nc4ncc5c6ccncc6n(C6CCCC6)c5n4)nn3)CC2)CC1,7
FC(F)(F)CNC1CCN(c2ccc(Nc3ncc4c5ccncc5n(C5CCCC5)c4n3)nn2)CC1,110
CN(CCO)C1CCN(c2ccc(Nc3ncc4c5ccncc5n(C5CCCC5)c4n3)nc2)CC1,19
OCCNC1CCN(c2ccc(Nc3ncc4c5ccncc5n(C5CCCC5)c4n3)nc2)CC1,4.8
C[C@H](O)CNC1CCN(c2ccc(Nc3ncc4c5ccncc5n(C5CCCC5)c4n3)nc2)CC1,12
C[C@@H](O)CNC1CCN(c2ccc(Nc3ncc4c5ccncc5n(C5CCCC5)c4n3)nc2)CC1,4.5
O[C@@H]1CCN(C2CCN(c3ccc(Nc4ncc5c6ccncc6n(C6CCCC6)c5n4)nc3)CC2)C1,189
OC1CCN(C2CCN(c3ccc(Nc4ncc5c6ccncc6n(C6CCCC6)c5n4)nc3)CC2)CC1,15
CCNC1CCN(c2ccc(Nc3ncc4c5ccncc5n(C5CCCC5)c4n3)nc2)CC1,2
c1cc2c3cnc(Nc4ccc(N5CCC(NC6CC6)CC5)cn4)nc3n(C3CCCC3)c2cn1,4.1
CCCNC1CCN(c2ccc(Nc3ncc4c5ccncc5n(C5CCCC5)c4n3)nc2)CC1,4.7
FCCNC1CCN(c2ccc(Nc3ncc4c5ccncc5n(C5CCCC5)c4n3)nc2)CC1,7.2
c1cc2c3cnc(Nc4ccc(N5CCC(NC6CCC6)CC5)cn4)nc3n(C3CCCC3)c2cn1,4.2
CC(C)NC1CCN(c2ccc(Nc3ncc4c5ccncc5n(C5CCCC5)c4n3)nc2)CC1,5.7
FC(F)(F)CNC1CCN(c2ccc(Nc3ncc4c5ccncc5n(C5CCCC5)c4n3)nc2)CC1,11
CN(CC(=O)O)C1CCN(c2ccc(Nc3ncc4c5ccncc5n(C5CCCC5)c4n3)nc2)CC1,4.1
COC(=O)CNC1CCN(c2ccc(Nc3ncc4c5ccncc5n(C5CCCC5)c4n3)nc2)CC1,24
CCN(CCO)C1CCN(c2ccc(Nc3ncc4c5ccncc5n(C5CCCC5)c4n3)nc2)CC1,9.7
OC1CN(C2CCN(c3ccc(Nc4ncc5c6ccncc6n(C6CCCC6)c5n4)nc3)CC2)C1,5
C[C@@H](CO)NC1CCN(c2ccc(Nc3ncc4c5ccncc5n(C5CCCC5)c4n3)nc2)CC1,2.6
COC(=O)CNC1CCN(c2ccc(Nc3ncc4c5ccncc5n(C5CCCC5)c4n3)nn2)CC1,1.7
O=C(O)CNC1CCN(c2ccc(Nc3ncc4c5ccncc5n(C5CCCC5)c4n3)nc2)CC1,2
O=C(O)CNC1CCN(c2ccc(Nc3ncc4c5ccncc5n(C5CCCC5)c4n3)nn2)CC1,2
CN(C)CCN(C)C1CCN(c2ccc(Nc3ncc4c5ccncc5n(C5CCCC5)c4n3)nn2)CC1,8
CN(C)CCNC1CCN(c2ccc(Nc3ncc4c5ccncc5n(C5CCCC5)c4n3)nn2)CC1,4.9
OC[C@@H](O)CNC1CCN(c2ccc(Nc3ncc4c5ccncc5n(C5CCCC5)c4n3)nn2)CC1,8
C[C@H]1CC[C@H](n2c3cnccc3c3cnc(Nc4ccc5c(n4)CCNC5)nc32)CC1,2.1
CC(=O)N1CCc2nc(Nc3ncc4c5ccncc5n([C@H]5CC[C@H](C)CC5)c4n3)ccc2C1,4.5
C[C@H]1CC[C@H](n2c3cnccc3c3cnc(Nc4ccc5c(n4)CCN(CCO)C5)nc32)CC1,2.6
C[C@H]1CC[C@H](n2c3cnccc3c3cnc(Nc4ccc5c(n4)CCN(CCCO)C5)nc32)CC1,4.6
C[C@H]1CC[C@H](n2c3cnccc3c3cnc(Nc4ccc5c(n4)CCN(C(=O)C(=O)O)C5)nc32)CC1,120
C[C@H]1CC[C@H](n2c3cnccc3c3cnc(Nc4ccc5c(n4)CCN(CCC(F)(F)F)C5)nc32)CC1,52.4
CS(=O)(=O)CCN1CCc2nc(Nc3ncc4c5ccncc5n([C@H]5CC[C@H](C)CC5)c4n3)ccc2C1,2.4
C[C@H]1CC[C@H](n2c3cnccc3c3cnc(Nc4ccc5c(n4)CCN(CCF)C5)nc32)CC1,72.8
COCCN1CCc2nc(Nc3ncc4c5ccncc5n([C@H]5CC[C@H](C)CC5)c4n3)ccc2C1,10.5
C[C@H]1CC[C@H](n2c3cnccc3c3cnc(Nc4cc5c(cn4)CCN(CCO)C5)nc32)CC1,18.4
CC1CNCc2ccc(Nc3ncc4c5ccncc5n([C@H]5CC[C@H](C)CC5)c4n3)nc21,31.3
CC1CN(CCO)Cc2ccc(Nc3ncc4c5ccncc5n([C@H]5CC[C@H](C)CC5)c4n3)nc21,20.3
C[C@H]1CC[C@H](n2c3cnccc3c3cnc(Nc4ccc5c(n4)C(O)CNC5)nc32)CC1,16.5
C[C@H]1CC[C@H](n2c3cnccc3c3cnc(Nc4ccc5c(n4)C(O)CN(CCO)C5)nc32)CC1,19.2
CC(=O)N1Cc2ccc(Nc3ncc4c5ccncc5n([C@H]5CC[C@H](C)CC5)c4n3)nc2[C@H](C)C1,18.8
COc1cc2c3cnc(Nc4ccc5c(n4)CCN(C(=O)CO)C5)nc3n([C@H]3CC[C@H](C)CC3)c2cn1,847
O=C(CO)N1CCc2nc(Nc3ncc4c5ccncc5n(C5CCCC5)c4n3)ccc2C1,36
C[C@H]1CC[C@H](n2c3cnccc3c3cnc(Nc4ccc5c(n4)CNCC5)nc32)CC1,8.6
C[C@H]1CC[C@H](n2c3cnccc3c3cnc(Nc4cc5c(cn4)CNCC5)nc32)CC1,4.7
C[C@H]1CC[C@H](n2c3cnccc3c3cnc(Nc4ccc5c(n4)CN(C(=O)CO)CC5)nc32)CC1,6.3
C[C@H]1CC[C@H](n2c3cnccc3c3cnc(Nc4cc5c(cn4)CN(C(=O)CO)CC5)nc32)CC1,35
C[C@@H](O)C(=O)N1CCc2nc(Nc3ncc4c5ccncc5n([C@H]5CC[C@H](C)CC5)c4n3)ccc2C1,12
C[C@H](O)C(=O)N1CCc2nc(Nc3ncc4c5ccncc5n([C@H]5CC[C@H](C)CC5)c4n3)ccc2C1,41
CN(C)CC(=O)N1CCc2nc(Nc3ncc4c5ccncc5n([C@H]5CC[C@H](C)CC5)c4n3)ccc2C1,3
CC(C)(C)OC(=O)N1CCc2nc(Nc3ncc4c5ccncc5n([C@H]5CC[C@H](C)CC5)c4n3)ccc2C1,26
CC(C)(C)OC(=O)N1CCc2cc(Nc3ncc4c5ccncc5n([C@H]5CC[C@H](C)CC5)c4n3)ncc2C1,350
CCN(CC)CC(=O)N1CCc2nc(Nc3ncc4c5ccncc5n([C@H]5CC[C@H](C)CC5)c4n3)ccc2C1,3
CC[C@@H](Nc1nc(NCc2cccnc2)c2ncn(C(C)C)c2n1)[C@H](C)O,14000
CC[C@H](Nc1nc(NCc2cccnc2)c2ncn(C(C)C)c2n1)[C@@H](C)O,6800
C[C@@H](O)[C@@H](C)Oc1nc(Nc2ccc(S(=O)(=O)C3CC3)cc2)ncc1C(F)(F)F,20
C[C@@H](O)[C@@H](C)Oc1nc(Nc2ccc(S(C)(=O)=O)cc2)ncc1C(F)(F)F,24
C[C@@H](Oc1nc(Nc2ccc(S(C)(=O)=O)cc2)ncc1C(F)(F)F)C(C)(C)O,78
O=c1c(Br)cc2cnc(Nc3ccccn3)nc2n1C1CCCC1,950
Cc1c(I)c(=O)n(C2CCCC2)c2nc(Nc3ccc(N4CCNCC4)cn3)ncc12,145
CCc1cc2cnc(Nc3ccc(N4CCC(O)CC4)cn3)nc2n(C2CCCC2)c1=O,135
CCOCCOc1cc2cnc(Nc3ccc(N4CCNCC4)cc3)nc2n(C2CCCC2)c1=O,18
O=c1ccc2cnc(Nc3ccc(N4CCNCC4)cc3)nc2n1C1CCCC1,6
O=c1ccc2cnc(Nc3ccc(N4CCNCC4)cn3)nc2n1C1CCCC1,15
O=c1ccc2cnc(Nc3ccc(N4CCNCC4)cc3)nc2n1C1CCCCC1,6
O=c1ccc2cnc(Nc3ccc(N4CCNCC4)cn3)nc2n1C1CCCCC1,13
O=c1ccc2cnc(Nc3ccc(N4CCNCC4)cn3)nc2n1C1CC1,920
CC(=O)c1c(C)c2cnc(NC3CC(O)CCN3c3cccnc3)nc2n(C2CCCC2)c1=O,19
Cc1c(Br)c(=O)n(C2CCCC2)c2nc(Nc3ccc(N4CCNC(C)(C)C4)cc3)ncc12,20
Cc1c(Br)c(=O)n(C2CCCC2)c2nc(Nc3ccc(N4CC(C)NC(C)C4)cc3)ncc12,15
CC(=O)c1c(C)c2cnc(Nc3ccc(N4CC(C)NC(C)C4)cc3)nc2n(C2CCCC2)c1=O,5
CC(=O)c1c(C)c2cnc(NC3CCCCN3c3cccnc3)nc2n(C2CCCC2)c1=O,5
CCOCCc1cc2cnc(Nc3ccc(N4CCNCC4)cc3)nc2n(C2CCCC2)c1=O,7
COCc1cc2cnc(N(c3ccccn3)N3CCNC(O)C3)nc2n(C2CCCC2)c1=O,13
CCOCc1cc2cnc(Nc3ccc(N4CCOCC4)cn3)nc2n(C2CCCC2)c1=O,18
CC(=O)c1c(C)c2cnc(Nc3ccc(N4CC(C)OC(C)C4)cn3)nc2n(C2CCCC2)c1=O,30
NC1CCC(Nc2nc(NCc3ccc(C(F)(F)F)cc3)c3ncn(C4CCCC4)c3n2)CC1,2133
NC1CCC(Nc2nc(NNc3ccccc3Cl)c3ncn(C4CCCC4)c3n2)CC1,1150
NC1CCC(Nc2nc(Nc3ccc(OC(F)(F)F)cc3)c3ncn(C4CCCC4)c3n2)CC1,550
CCN(CC)CCNc1nc(NC2CCC(N)CC2)nc2c1ncn2C1CCCC1,500
NC1CCC(Nc2nc(NCc3cccc4ccccc34)c3ncn(C4CCCC4)c3n2)CC1,1400
COc1ccc(CNc2nc(NC3CCC(N)CC3)nc3c2ncn3C2CCCC2)cc1,4900
COc1ccc2[nH]cc(CCNc3nc(NC4CCC(N)CC4)nc4c3ncn4C3CCCC3)c2c1,2950
NC1CCC(Nc2nc(NCC3CCC(CO)CC3)c3ncn(C4CCCC4)c3n2)CC1,1600
NC1CCC(Nc2nc(NNc3ccccc3F)c3ncn(C4CCCC4)c3n2)CC1,7350
COc1ccccc1CNc1nc(NC2CCC(N)CC2)nc2c1ncn2C1CCCC1,5350
COc1cccc(CNc2nc(NC3CCC(N)CC3)nc3c2ncn3C2CCCC2)c1OC,2900
COc1ccc(CCNc2nc(NC3CCC(N)CC3)nc3c2ncn3C2CCCC2)cc1,1500
COCCOCCCNc1nc(NC2CCC(N)CC2)nc2c1ncn2C1CCCC1,40
COCCNc1nc(NC2CCC(N)CC2)nc2c1ncn2C1CCCC1,255
CCN(CC)CCCNc1nc(NC2CCC(N)CC2)nc2c1ncn2C1CCCC1,1400
NC1CCC(Nc2nc(Nc3cccc(F)c3)c3ncn(C4CCCC4)c3n2)CC1,600
COCCCNc1nc(NC2CCC(N)CC2)nc2c1ncn2C1CCCC1,750
CCCCCc1ccc(Nc2nc(NC3CCC(N)CC3)nc3c2ncn3C2CCCC2)cc1,4000
NC1CCC(Nc2nc(NC(c3ccc(Cl)cc3)C3CC3)c3ncn(C4CCCC4)c3n2)CC1,7300
NC1CCC(Nc2nc(NCc3ccccc3C(F)(F)F)c3ncn(C4CCCC4)c3n2)CC1,6650
NC1CCC(Nc2nc(NCCOCCO)c3ncn(C4CCCC4)c3n2)CC1,525
COc1cccc(CCNc2nc(NC3CCC(N)CC3)nc3c2ncn3C2CCCC2)c1,1400
COc1cc(CNc2nc(NC3CCC(N)CC3)nc3c2ncn3C2CCCC2)cc(OC)c1,2400
COCCCCNc1nc(NC2CCC(N)CC2)nc2c1ncn2C1CCCC1,855
COc1cccc(CNc2nc(NC3CCC(N)CC3)nc3c2ncn3C(C)C)c1OC,2400
NC1CCC(Nc2nc(NCCNc3ccccc3)c3ncn(C4CCCC4)c3n2)CC1,100
NC1CCC(Nc2nc(Nc3ccccc3)c3ncn(C4CCCC4)c3n2)CC1,1450
NC1CCC(Nc2nc(NC3CCN(Cc4ccccc4)CC3)c3ncn(C4CCCC4)c3n2)CC1,410
COc1ccc(CNc2nc(NC3CCC(N)CC3)nc3c2ncn3C2CCCC2)cc1OC,1000
Cc1cccc(CNc2nc(NC3CCC(N)CC3)nc3c2ncn3C2C=CCC2)c1,8550
CCCCCCCCCCCNc1nc(NC2CCC(N)CC2)nc2c1ncn2C1CCCC1,4500
COc1ccc(CNc2nc(NC3CCC(N)CC3)nc3c2ncn3C(C)C)cc1,5200
COc1ccc(CN2CCC(Nc3nc(N[C@H]4CC[C@H](N)CC4)nc4c3ncn4C3CCCC3)CC2)cc1,285
Cc1ccc(CN2CCC(Nc3nc(N[C@H]4CC[C@H](N)CC4)nc4c3ncn4C3CCCC3)CC2)cc1,1500
COc1cccc(CN2CCC(Nc3nc(N[C@H]4CC[C@H](N)CC4)nc4c3ncn4C3CCCC3)CC2)c1,1075
N[C@H]1CC[C@H](Nc2nc(NC3CCN(Cc4cccc(Cl)c4)CC3)c3ncn(C4CCCC4)c3n2)CC1,1400
N[C@H]1CC[C@H](Nc2nc(NC3CCN(Cc4ccccc4Cl)CC3)c3ncn(C4CCCC4)c3n2)CC1,5800
Cc1ccccc1CN1CCC(Nc2nc(N[C@H]3CC[C@H](N)CC3)nc3c2ncn3C2CCCC2)CC1,2300
N[C@H]1CC[C@H](Nc2nc(NC3CCN(Cc4c(Cl)cccc4Cl)CC3)c3ncn(C4CCCC4)c3n2)CC1,9850
N[C@H]1CC[C@H](Nc2nc(NC3CCN(Cc4cc(F)ccc4F)CC3)c3ncn(C4CCCC4)c3n2)CC1,20000
N[C@H]1CC[C@H](Nc2nc(NC3CCN(CC4CC4)CC3)c3ncn(C4CCCC4)c3n2)CC1,1110
N[C@H]1CC[C@H](Nc2nc(NC3CCC(O)CC3)c3ncn(C4CCCC4)c3n2)CC1,1550
N[C@H]1CC[C@H](Nc2nc(NC3(CO)CCCC3)c3ncn(C4CCCC4)c3n2)CC1,970
N[C@H]1CC[C@H](Nc2nc(NNc3ccc(Cl)cc3Cl)c3ncn(C4CCCC4)c3n2)CC1,5900
N[C@H]1CC[C@H](Nc2nc(NC3CCN(Cc4cccc5ccccc45)CC3)c3ncn(C4CCCC4)c3n2)CC1,2500
N[C@H]1CC[C@H](Nc2nc(NC3CCN(Cc4ccccc4C(F)(F)F)CC3)c3ncn(C4CCCC4)c3n2)CC1,3450
COc1cc(CN2CCC(Nc3nc(N[C@H]4CC[C@H](N)CC4)nc4c3ncn4C3CCCC3)CC2)cc(OC)c1,635
N[C@H]1CC[C@H](Nc2nc(NC3CCN(Cc4cc(C(F)(F)F)cc(C(F)(F)F)c4)CC3)c3ncn(C4CCCC4)c3n2)CC1,64000
N[C@H]1CC[C@H](Nc2nc(NC3CCN(Cc4cccc(F)c4F)CC3)c3ncn(C4CCCC4)c3n2)CC1,3650
N[C@H]1CC[C@H](Nc2nc(NC3CCN(Cc4ccc(C(F)(F)F)cc4)CC3)c3ncn(C4CCCC4)c3n2)CC1,1600
N[C@H]1CC[C@H](Nc2nc(NC3CCN(Cc4cc(F)cc(F)c4)CC3)c3ncn(C4CCCC4)c3n2)CC1,2750
N[C@H]1CC[C@H](Nc2nc(NC3CCN(Cc4ccc(F)cc4F)CC3)c3ncn(C4CCCC4)c3n2)CC1,2300
Cc1cccc(CN2CCC(Nc3nc(N[C@H]4CC[C@H](N)CC4)nc4c3ncn4C3CCCC3)CC2)c1,1336
N[C@H]1CC[C@H](Nc2nc(NC3CCN(Cc4cccc(F)c4)CC3)c3ncn(C4CCCC4)c3n2)CC1,1010
N[C@H]1CC[C@H](Nc2nc(NC3CCN(Cc4ccccc4F)CC3)c3ncn(C4CCCC4)c3n2)CC1,2900
N[C@H]1CC[C@H](Nc2nc(NC3CCN(Cc4ccc(F)cc4)CC3)c3ncn(C4CCCC4)c3n2)CC1,2000
N[C@H]1CC[C@H](Nc2nc(NC3CCN(Cc4c(F)cccc4Cl)CC3)c3ncn(C4CCCC4)c3n2)CC1,2350
N[C@H]1CC[C@H](Nc2nc(NC3CCN(Cc4ccc(Cl)c(Cl)c4)CC3)c3ncn(C4CCCC4)c3n2)CC1,1800
N[C@H]1CC[C@H](Nc2nc(NC3CCN(Cc4ccc5ccccc5c4)CC3)c3ncn(C4CCCC4)c3n2)CC1,3500
COc1ccccc1CN1CCC(Nc2nc(N[C@H]3CC[C@H](N)CC3)nc3c2ncn3C2CCCC2)CC1,995
N[C@H]1CC[C@H](Nc2nc(NC3CCN(Cc4cc(Cl)ccc4Cl)CC3)c3ncn(C4CCCC4)c3n2)CC1,5750
N[C@H]1CC[C@H](Nc2nc(NC3CCN(Cc4ccc(F)cc4Cl)CC3)c3ncn(C4CCCC4)c3n2)CC1,1950
N[C@H]1CC[C@H](Nc2nc(NC3CCN(Cc4ccc(F)c(F)c4)CC3)c3ncn(C4CCCC4)c3n2)CC1,2700
N[C@H]1CC[C@H](Nc2nc(NC3CCN(Cc4c(F)cccc4F)CC3)c3ncn(C4CCCC4)c3n2)CC1,2700
N[C@H]1CC[C@H](Nc2nc(NC3CCN(Cc4cc(Cl)cc(Cl)c4)CC3)c3ncn(C4CCCC4)c3n2)CC1,3050
N[C@H]1CC[C@H](Nc2nc(NC3CCN(Cc4ccc(Cl)cc4Cl)CC3)c3ncn(C4CCCC4)c3n2)CC1,3850
Cc1ccc(CN2CCC(Nc3nc(N[C@H]4CC[C@H](N)CC4)nc4c3ncn4C3CCCC3)CC2)cc1Cl,5100
N[C@H]1CC[C@H](Nc2nc(NC3CCN(Cc4ccc(OC(F)(F)F)cc4)CC3)c3ncn(C4CCCC4)c3n2)CC1,6800
N[C@H]1CC[C@H](Nc2nc(NC3CCN(Cc4ccc(C(F)(F)F)cc4C(F)(F)F)CC3)c3ncn(C4CCCC4)c3n2)CC1,9200
N[C@H]1CC[C@H](Nc2nc(NC3CCN(Cc4ccccc4OC(F)(F)F)CC3)c3ncn(C4CCCC4)c3n2)CC1,3600
N[C@H]1CC[C@H](Nc2nc(NC3CCN(Cc4cccc(Oc5ccccc5)c4)CC3)c3ncn(C4CCCC4)c3n2)CC1,3100
CC[C@@H](CO)Nc1nc(NCc2ccccc2)c2ccn(C(C)C)c2n1,36000
NC1CCC(Nc2nc(NCc3cccc(I)c3)c3ncn(C4CCCC4)c3n2)CC1,2000
NC1CCC(Nc2nc(NCCc3c[nH]c4ccccc34)c3ncn(C4CCCC4)c3n2)CC1,750
CCCCNc1nc(NC2CCC(N)CC2)nc2c1ncn2C1CCCC1,525
NC1CCC(Nc2nc(NCc3ccc4c(c3)OCO4)c3ncn(C4CCCC4)c3n2)CC1,100000
NC1CCC(Nc2nc(NCCc3cccnc3)c3ncn(C4CCCC4)c3n2)CC1,300
NC1CCC(Nc2nc(NCc3ccncc3)c3ncn(C4CCCC4)c3n2)CC1,750
NC1CCC(Nc2nc(NCCCN3CCOCC3)c3ncn(C4CCCC4)c3n2)CC1,350
NC1CCC(Nc2nc(NCc3ccc(Cl)c(Cl)c3)c3ncn(C4CCCC4)c3n2)CC1,245
Cc1cccc(CNc2nc(NC3CCC(N)CC3)nc3c2ncn3C2CCCC2)c1,9200
NC1CCC(Nc2nc(NCCc3ccccn3)c3ncn(C4CCCC4)c3n2)CC1,250
NC1CCC(Nc2nc(NCCN3CCOCC3)c3ncn(C4CCCC4)c3n2)CC1,3700
NC1CCC(Nc2nc(NNCCO)c3ncn(C4CCCC4)c3n2)CC1,62.5
C[C@@H](Nc1nc(NC2CCC(N)CC2)nc2c1ncn2C1CCCC1)c1ccccc1,8850
NC1CCC(Nc2nc(NCc3cccs3)c3ncn(C4CCCC4)c3n2)CC1,400
NC1CCC(Nc2nc(NCc3nc4ccccc4[nH]3)c3ncn(C4CCCC4)c3n2)CC1,75
CCCCCCCCNc1nc(NC2CCC(N)CC2)nc2c1ncn2C1CCCC1,2400
NC1CCC(Nc2nc(NCCCCc3ccccc3)c3ncn(C4CCCC4)c3n2)CC1,1000
CCC(C)(CO)Nc1nc(NC2CCC(N)CC2)nc2c1ncn2C1CCCC1,3250
NC1CCC(Nc2nc(NCCCc3ccccc3)c3ncn(C4CCCC4)c3n2)CC1,735
NC1CCC(Nc2nc(NCCCCCO)c3ncn(C4CCCC4)c3n2)CC1,110
NC1CCC(Nc2nc(NCc3ccc(Cl)cc3)c3ncn(C4CCCC4)c3n2)CC1,13000
CNc1nc(NC2CCC(N)CC2)nc2c1ncn2C1CCCC1,205
NC1CCC(Nc2nc(NCC3CCCCO3)c3ncn(C4CCCC4)c3n2)CC1,600
NC1CCC(Nc2nc(NCCc3ccncc3)c3ncn(C4CCCC4)c3n2)CC1,745
CCNc1nc(NC2CCC(N)CC2)nc2c1ncn2C1CCCC1,180
NC1CCC(Nc2nc(NCC3CC3)c3ncn(C4CCCC4)c3n2)CC1,785
NC1CCC(Nc2nc(NNCCc3ccccc3)c3ncn(C4CCCC4)c3n2)CC1,1900
CC(C)CCNc1nc(NC2CCC(N)CC2)nc2c1ncn2C1CCCC1,850
NC1CCC(Nc2nc(NCc3ccco3)c3ncn(C4CCCC4)c3n2)CC1,1400
CC(C)n1cnc2c(NCCCn3ccnc3)nc(NC3CCC(N)CC3)nc21,3100
NC1CCC(Nc2nc(NCc3ccc(Cl)cc3F)c3ncn(C4CCCC4)c3n2)CC1,2050
CCCCCCNc1nc(NC2CCC(N)CC2)nc2c1ncn2C1CCCC1,1360
NC1CCC(Nc2nc(NCc3ccccc3F)c3ncn(C4CCCC4)c3n2)CC1,3500
CCCNc1nc(NC2CCC(N)CC2)nc2c1ncn2C1CCCC1,260
NC1CCC(Nc2nc(NCCCn3ccnc3)c3ncn(C4CCCC4)c3n2)CC1,450
NC1CCC(Nc2nc(NCc3ccccc3)c3ncn(C4CCCC4)c3n2)CC1,4350
NC1CCC(Nc2nc(NCc3ccc(Cl)cc3Cl)c3ncn(C4CCCC4)c3n2)CC1,4850
NC1CCC(Nc2nc(NCC(F)(F)F)c3ncn(C4CCCC4)c3n2)CC1,2200
NC1CCC(Nc2nc(NCc3ccc(F)cc3)c3ncn(C4CCCC4)c3n2)CC1,5400
CC(C)C1C=Nc2c(NCc3cccc(I)c3)nc(NC3CCC(N)CC3)nc21,2100
NC1CCC(Nc2nc(NNCC(F)(F)F)c3ncn(C4CCCC4)c3n2)CC1,1800
NC1CCC(Nc2nc(NCCCO)c3ncn(C4CCCC4)c3n2)CC1,120
CC(CCCC(C)(C)O)Nc1nc(NC2CCC(N)CC2)nc2c1ncn2C1CCCC1,1600
NC1CCC(Nc2nc(NCCc3ccc(O)cc3)c3ncn(C4CCCC4)c3n2)CC1,1300
NCCCCCCCCNc1nc(NC2CCC(N)CC2)nc2c1ncn2C1CCCC1,860
Cc1ccc(Nc2ccnc(Nc3ccc(OCC(O)CN(C)C)cc3)n2)c(Br)c1,600
CN(C)CCOc1ccc(Nc2nc(N)c(C(=O)c3cccc(F)c3)s2)cc1,32
CC(COc1ccc(Nc2nc(N)c(C(=O)c3cccc(F)c3)s2)cc1)N(C)C,97
CN(C)C(C)(C)COC1C=CC(Nc2nc(N)c(C(=O)c3cccc(F)c3)s2)=CC1,92
Nc1nc(NC2=CCC(OCCN3CCOCC3)C=C2)sc1C(=O)c1cccc(F)c1,73
Cc1cccc(C(=O)c2sc(Nc3ccc(OCCN(C)C)cc3)nc2N)c1,60
Cc1cccc(C(=O)c2sc(Nc3ccc(OCCN4CCCC4)cc3)nc2N)c1,53
CCc1cccc(C(=O)c2sc(Nc3ccc(OCCN(C)C)cc3)nc2N)c1,27
CCc1cccc(C(=O)c2sc(Nc3ccc(OCCN4CCCC4)cc3)nc2N)c1,22
Nc1nc(Nc2ccc(OCCN3CCOCC3)cc2)sc1C(=O)c1ccc2c(c1)OCCO2,85
Nc1nc(NC2=CCC(OCCN3CCOCC3)C=C2)sc1C(=O)c1ccc2c(c1)OCO2,29
Nc1nc(NC2=CCC(OCCN3CCCC3)C=C2)sc1C(=O)c1ccc2c(c1)OCO2,66
CN(C)CCOC1C=CC(Nc2nc(N)c(C(=O)c3ccc4c(c3)OCCO4)s2)=CC1,43
C[N]CCOc1ccc(Nc2nc(N)c(C(=O)c3ccc4c(c3)OCO4)s2)cc1,63
CN(C)CCOc1ccc(Nc2nc(N)c(C(=O)c3cccc(C#N)c3)s2)cc1,79
CCc1cccc(C(=O)c2sc(NC3=CCC(OCC(C)(C)N(C)C)C=C3)nc2N)c1,46
CCOc1cccc(C(=O)c2sc(Nc3ccc(OCCN4CCCC4)cc3)nc2N)c1,33
CN(C)CCOc1ccc(Nc2nc(N)c(C(=O)c3cccc(Br)c3)s2)cc1,85
CN(C)CCOc1ccc(Nc2nc(N)c(C(=O)c3cccc(C4CC4)c3)s2)cc1,40
CN(C)C(C)(C)COc1ccc(Nc2nc(N)c(C(=O)c3cccc(C4CC4)c3)s2)cc1,39
Nc1nc(Nc2ccc(OCCN3CCCC3)cc2)sc1C(=O)c1cccc(C2CC2)c1,37
Cc1ccc(C(=O)c2sc(Nc3ccc(OCCN(C)C)cc3)nc2N)cc1F,101
Cc1ccc(C(=O)c2sc(Nc3ccc(OCC(C)(C)N(C)C)cc3)nc2N)cc1F,97
CCc1cc(C(=O)c2sc(Nc3ccc(OCCN4CCCC4)cc3)nc2N)ccc1F,63
Nc1nc(Nc2ccc(OCCN3CCCC3)cc2)sc1C(=O)c1cccc(F)c1,62
CCN(CC)CCOc1ccc(Nc2nc(N)c(C(=O)c3ccc(O)c(F)c3)s2)cc1,36
CCN(CC)CCOc1ccc(Nc2nc(N)c(C(=O)c3ccc(OC)c(F)c3)s2)cc1,32
CCN(CC)CCOc1ccc(Nc2nc(N)c(C(=O)c3cccc(SC)c3)s2)cc1,47
Nc1nc(Nc2ccc(OCCN3CCCC3)cc2)sc1C(=O)c1cccc(C(F)(F)F)c1,65
CCNCCOc1ccc(Nc2nc(N)c(C(=O)c3cccc(OC)c3)s2)cc1,48
CCNCCOc1ccc(Nc2nc(N)c(C(=O)c3cccc(F)c3)s2)cc1,520
CCNCCOc1ccc(Nc2nc(N)c(C(=O)c3ccc4c(c3)OCO4)s2)cc1,29
CCNCCOc1ccc(Nc2nc(N)c(C(=O)c3ccc4c(c3)OCCO4)s2)cc1,44
CC(C)NCCOc1ccc(Nc2nc(N)c(C(=O)c3ccc4c(c3)OCCO4)s2)cc1,45
CC(C)NCCOc1ccc(Nc2nc(N)c(C(=O)c3ccc4c(c3)OCO4)s2)cc1,19
CCN(CC)CCOc1ccc(Nc2nc(N)c(C(=O)c3ccc4c(c3)C(C)CO4)s2)cc1,70
CC1COc2ccc(C(=O)c3sc(Nc4ccc(OCCN5CCCC5)cc4)nc3N)cc21,63
CCN(CC)CCOc1ccc(Nc2nc(N)c(C(=O)c3ccc4c(c3)CCO4)s2)cc1,100
CCNCCOc1ccc(Nc2nc(N)c(C(=O)c3ccc4c(c3)CCO4)s2)cc1,91
COc1cccc(C(=O)c2sc(Nc3ccc(OCCN(C)C)cc3)nc2N)c1,87
CCN(CC)CCOc1ccc(Nc2nc(N)c(C(=O)c3cccc(OC)c3)s2)cc1,41
COc1cccc(C(=O)c2sc(Nc3ccc(OCCn4ccnc4)cc3)nc2N)c1,67
COc1ccc(C(=O)c2sc(NC3=CC=C(OCCCN)CC3)nc2N)cc1F,97
CCNCCCOc1ccc(Nc2nc(N)c(C(=O)c3ccc(OC)c(F)c3)s2)cc1,67
Nc1nc(Nc2ccc(OC[C@@H]3CCCN3)cc2)sc1C(=O)c1cccc(F)c1,38
CCN1CCC(Oc2ccc(Nc3nc(N)c(C(=O)c4cccc(F)c4)s3)cc2)C1,57
CCN1CCCC(Oc2ccc(Nc3nc(N)c(C(=O)c4cccc(F)c4)s3)cc2)C1,59
Nc1nc(Nc2ccc(OC3CCNC3)cc2)sc1C(=O)c1cccc(F)c1,39
Nc1nc(Nc2ccc(OC3CCCNC3)cc2)sc1C(=O)c1cccc(F)c1,65
CCN1CCCC(Oc2ccc(Nc3nc(N)c(C(=O)c4cccc(C)c4)s3)cc2)C1,41
CCc1cccc(C(=O)c2sc(Nc3ccc(OC4CCCN(CC)C4)cc3)nc2N)c1,23
CCN1CCCC(Oc2ccc(Nc3nc(N)c(C(=O)c4cccc(C5CC5)c4)s3)cc2)C1,19
CCc1cc(C(=O)c2sc(Nc3ccc(OC4CCCN(CC)C4)cc3)nc2N)ccc1F,55
CCN1CCCC(Oc2ccc(Nc3nc(N)c(C(=O)c4ccc(O)c(F)c4)s3)cc2)C1,71
CCN1CCC(Oc2ccc(Nc3nc(N)c(C(=O)c4cccc(C)c4)s3)cc2)C1,49
CCc1cccc(C(=O)c2sc(Nc3ccc(OC4CCN(CC)C4)cc3)nc2N)c1,46
CCN1CCC(Oc2ccc(Nc3nc(N)c(C(=O)c4cccc(C5CC5)c4)s3)cc2)C1,51
CCN1CCC(Oc2ccc(Nc3nc(N)c(C(=O)c4ccc(C)c(F)c4)s3)cc2)C1,97
CCN1CCCC(Oc2ccc(Nc3nc(N)c(C(=O)c4ccc(C)c(F)c4)s3)cc2)C1,74
CCCc1cc(C(=O)c2sc(Nc3ccc(OC4CCCN(CC)C4)cc3)nc2N)ccc1O,39
COc1ccc(C(=O)c2sc(Nc3ccc(OC4CCNC4)cc3)nc2C)cc1F,39
COc1ccc(C(=O)c2sc(Nc3ccc(OC4CCCNC4)cc3)nc2N)cc1F,96
CCc1cccc(C(=O)c2sc(Nc3ccc(OC4CCCNC4)cc3)nc2N)c1,34
CCCc1cc(C(=O)c2sc(Nc3ccc(OC4CCCNC4)cc3)nc2N)ccc1O,38
Cc1[nH]c(C#N)c(C)c1C1=NC(Nc2cccc([N+](=O)[O-])c2)=NCC1,250
Cc1[nH]c(C#N)c(C)c1C1=NC(Nc2ccc(F)cc2)=NCC1,390
Cc1[nH]c(C#N)c(C)c1-c1ccnc(Nc2ccc(O)cc2)n1,140
Cc1[nH]c(C#N)c(C)c1C1=NC(Nc2ccc(C(C)(C)C)cc2)=NCC1,2500
Cc1[nH]c(C#N)c(C)c1C1=NC(Nc2ccc([IH](F)(F)F)cc2)=NCC1,1100
Cc1[nH]c(C#N)c(C)c1C1=NC(Nc2ccccc2)=NCC1,100
Cc1ccc(Nc2nccc(-c3c(C)[nH]c(C#N)c3C)n2)cc1[N+](=O)[O-],580
Cc1ccc(Nc2nccc(-c3c(C)[nH]c(C#N)c3C)n2)cc1I,980
Cc1cc(Nc2nccc(-c3c(C)[nH]c(C#N)c3C)n2)ccc1Cl,4000
Cc1ccc(Nc2nccc(-c3c(C)[nH]c(C#N)c3C)n2)cc1O,320
Cc1cc(Nc2nccc(-c3c(C)[nH]c(C#N)c3C)n2)ccc1F,360
Cc1[nH]c(C#N)c(C)c1-c1ccnc(Nc2ccc(N)cc2)n1,370
Cc1[nH]c(C(N)=O)c(C)c1-c1ccnc(Nc2ccc(F)cc2)n1,190
Cc1[nH]c([N+](=O)[O-])c(C)c1-c1ccnc(Nc2ccc(F)cc2)n1,220
CNc1ccc(Nc2nccc(-c3c(C)[nH]c([N+](=O)[O-])c3C)n2)cc1,1000
Cc1[nH]c(Br)c(C)c1C1=NC(Nc2ccc(F)cc2)=NCC1,3000
Cc1[nH]c(Br)c(C)c1-c1ccnc(Nc2cccc([N+](=O)[O-])c2)n1,4000
Cc1[nH]c(Br)c(C)c1-c1ccnc(Nc2ccc(F)cc2)n1,3600
Cc1[nH]c(CN(C)C)c(C)c1-c1ccnc(Nc2ccc(F)cc2)n1,4500
Cc1[nH]c(C#N)c(C)c1-c1ccnc(Nc2ccc(N(C)C)c([N+](=O)[O-])c2)n1,160
Cc1[nH]c([N+](=O)[O-])c(C)c1-c1ccnc(Nc2ccc(N(C)C)c([N+](=O)[O-])c2)n1,1020
Cc1ccc(Nc2nccc(-c3c(C)[nH]c(C#N)c3C)n2)cc1F,2070
Cc1c(-c2ccnc(Nc3ccc(Cl)cc3)n2)sc(=O)n1C,2900
C[ClH]c1ccc(Nc2nccc(-c3sc(=O)n(C)c3C)n2)cc1,1100
Cc1c(-c2ccnc(Nc3ccccc3)n2)sc(=O)n1C,1100
Cc1c(-c2ccnc(Nc3ccc(N)cc3)n2)sc(=O)n1C,950
Cn1cc(-c2ccnc(Nc3ccc(F)c([N+](=O)[O-])c3)n2)sc1=O,1800
Cc1nc(N)sc1-c1ccnc(Nc2cccc([N+](=O)[O-])c2)n1,410
Cc1c(-c2ccnc(Nc3cccc([N+](=O)[O-])c3)n2)sc(=O)n1C,230
Cc1c(-c2ccnc(Nc3ccc(F)cc3)n2)sc(=O)n1C,1120
Cc1c(-c2ccnc(Nc3ccc(O)cc3)n2)sc(=O)n1C,600
Cc1nc(Cl)sc1-c1ccnc(Nc2cccc([N+](=O)[O-])c2)n1,580
Cc1c(-c2ccnc(Nc3ccc(N(C)C)cc3)n2)c(C)n(C)c1C#N,1300
Cc1c(-c2ccnc(Nc3ccc(N(C)C)c([N+](=O)[O-])c3)n2)c(C)n(C)c1C#N,1400
Cc1cc(NC2CCN(C(=O)O[C@H]3CCN(C(=O)/C=C/CN(C)C)C3)CC2)n2ncc(C(C)C)c2n1,2830
